"","State","County","County.Code","Deaths","Population","Crude.Rate","Age.Adjusted.Rate"
"1"," AL","Baldwin County",1003,39,223234,"17.5","18"
"2"," AL","Blount County",1009,16,57826,NA,NA
"3"," AL","Calhoun County",1015,19,113605,NA,NA
"4"," AL","Colbert County",1033,13,55241,NA,NA
"5"," AL","Cullman County",1043,17,83768,NA,NA
"6"," AL","DeKalb County",1049,25,71513,"35","35.5"
"7"," AL","Elmore County",1051,17,81209,NA,NA
"8"," AL","Etowah County",1055,22,102268,"21.5","22.1"
"9"," AL","Houston County",1069,20,105882,"18.9","18.5"
"10"," AL","Jefferson County",1073,103,658573,"15.6","15.8"
"11"," AL","Lauderdale County",1077,12,92729,NA,NA
"12"," AL","Lee County",1081,24,164542,"14.6","13.9"
"13"," AL","Madison County",1089,69,372909,"18.5","18.2"
"14"," AL","Marshall County",1095,11,96774,NA,NA
"15"," AL","Mobile County",1097,64,413210,"15.5","15"
"16"," AL","Montgomery County",1101,26,226486,"11.5","11.6"
"17"," AL","Morgan County",1103,28,119679,"23.4","24"
"18"," AL","Russell County",1113,10,57961,NA,NA
"19"," AL","St. Clair County",1115,15,89512,NA,NA
"20"," AL","Shelby County",1117,23,217702,"10.6","9.9"
"21"," AL","Talladega County",1121,15,79978,NA,NA
"22"," AL","Tuscaloosa County",1125,27,209355,"12.9","12.5"
"23"," AL","Walker County",1127,15,63521,NA,NA
"24"," AK","Anchorage Borough",2020,67,288000,"23.3","23.4"
"25"," AK","Bethel Census Area",2050,15,18386,NA,NA
"26"," AK","Fairbanks North Star Borough",2090,35,96849,"36.1","35.4"
"27"," AK","Kenai Peninsula Borough",2122,12,58708,NA,NA
"28"," AK","Matanuska-Susitna Borough",2170,26,108317,"24","22"
"29"," AK","Wade Hampton Census Area",2270,10,8314,NA,NA
"30"," AZ","Apache County",4001,15,71887,NA,NA
"31"," AZ","Cochise County",4003,36,125922,"28.6","27.6"
"32"," AZ","Coconino County",4005,43,143476,"30","29.7"
"33"," AZ","Gila County",4007,22,54018,"40.7","46.2"
"34"," AZ","Maricopa County",4013,732,4485414,"16.3","15.7"
"35"," AZ","Mohave County",4015,72,212181,"33.9","30"
"36"," AZ","Navajo County",4017,31,110924,"27.9","29.8"
"37"," AZ","Pima County",4019,247,1047279,"23.6","22.7"
"38"," AZ","Pinal County",4021,73,462789,"15.8","15.7"
"39"," AZ","Yavapai County",4025,98,235099,"41.7","31.5"
"40"," AZ","Yuma County",4027,31,213787,"14.5","14.9"
"41"," AR","Baxter County",5005,14,41932,NA,NA
"42"," AR","Benton County",5007,39,279141,"14","14"
"43"," AR","Boone County",5009,12,37432,NA,NA
"44"," AR","Craighead County",5031,15,110332,NA,NA
"45"," AR","Crawford County",5033,10,63257,NA,NA
"46"," AR","Crittenden County",5035,12,47955,NA,NA
"47"," AR","Faulkner County",5045,18,126007,NA,NA
"48"," AR","Garland County",5051,32,99386,"32.2","31.3"
"49"," AR","Greene County",5055,11,45325,NA,NA
"50"," AR","Independence County",5063,10,37825,NA,NA
"51"," AR","Pope County",5115,10,64072,NA,NA
"52"," AR","Pulaski County",5119,64,391911,"16.3","16.1"
"53"," AR","Saline County",5125,31,122437,"25.3","23.6"
"54"," AR","Sebastian County",5131,15,127827,NA,NA
"55"," AR","Washington County",5143,35,239187,"14.6","15.1"
"56"," AR","White County",5145,12,78753,NA,NA
"57"," CA","Alameda County",6001,160,1671329,"9.6","9"
"58"," CA","Amador County",6005,14,39752,NA,NA
"59"," CA","Butte County",6007,44,219186,"20.1","19.9"
"60"," CA","Contra Costa County",6013,115,1153526,"10","9.4"
"61"," CA","El Dorado County",6017,42,192843,"21.8","21.4"
"62"," CA","Fresno County",6019,103,999101,"10.3","10.5"
"63"," CA","Humboldt County",6023,30,135558,"22.1","19.6"
"64"," CA","Imperial County",6025,11,181215,NA,NA
"65"," CA","Kern County",6029,127,900202,"14.1","15"
"66"," CA","Kings County",6031,26,152940,"17","17.5"
"67"," CA","Lake County",6033,17,64386,NA,NA
"68"," CA","Los Angeles County",6037,863,10039107,"8.6","8.1"
"69"," CA","Madera County",6039,18,157327,NA,NA
"70"," CA","Marin County",6041,47,258826,"18.2","16.6"
"71"," CA","Mendocino County",6045,21,86749,"24.2","21.6"
"72"," CA","Merced County",6047,28,277680,"10.1","11.1"
"73"," CA","Monterey County",6053,42,434061,"9.7","9.4"
"74"," CA","Napa County",6055,19,137744,NA,NA
"75"," CA","Nevada County",6057,20,99755,"20","16.9"
"76"," CA","Orange County",6059,345,3175692,"10.9","10"
"77"," CA","Placer County",6061,59,398329,"14.8","12.5"
"78"," CA","Riverside County",6065,320,2470546,"13","12.6"
"79"," CA","Sacramento County",6067,207,1552058,"13.3","13.1"
"80"," CA","San Bernardino County",6071,236,2180085,"10.8","10.7"
"81"," CA","San Diego County",6073,426,3338330,"12.8","12.2"
"82"," CA","San Francisco County",6075,90,881549,"10.2","9"
"83"," CA","San Joaquin County",6077,82,762148,"10.8","10.8"
"84"," CA","San Luis Obispo County",6079,47,283111,"16.6","15.5"
"85"," CA","San Mateo County",6081,62,766573,"8.1","7.5"
"86"," CA","Santa Barbara County",6083,61,446499,"13.7","13.2"
"87"," CA","Santa Clara County",6085,172,1927852,"8.9","8.4"
"88"," CA","Santa Cruz County",6087,44,273213,"16.1","14"
"89"," CA","Shasta County",6089,52,180080,"28.9","28.1"
"90"," CA","Siskiyou County",6093,12,43539,NA,NA
"91"," CA","Solano County",6095,60,447643,"13.4","12.8"
"92"," CA","Sonoma County",6097,83,494336,"16.8","14.9"
"93"," CA","Stanislaus County",6099,74,550660,"13.4","13.4"
"94"," CA","Sutter County",6101,12,96971,NA,NA
"95"," CA","Tehama County",6103,11,65084,NA,NA
"96"," CA","Tulare County",6107,29,466195,"6.2","6.7"
"97"," CA","Tuolumne County",6109,11,54478,NA,NA
"98"," CA","Ventura County",6111,95,846006,"11.2","10.2"
"99"," CA","Yolo County",6113,24,220500,"10.9","11.2"
"100"," CA","Yuba County",6115,17,78668,NA,NA
"101"," CO","Adams County",8001,102,517421,"19.7","20.4"
"102"," CO","Arapahoe County",8005,122,656590,"18.6","18"
"103"," CO","Boulder County",8013,55,326196,"16.9","15.8"
"104"," CO","Broomfield County",8014,13,70465,NA,NA
"105"," CO","Chaffee County",8015,11,20356,NA,NA
"106"," CO","Denver County",8031,159,727211,"21.9","20.9"
"107"," CO","Douglas County",8035,56,351154,"15.9","15.7"
"108"," CO","Eagle County",8037,10,55127,NA,NA
"109"," CO","El Paso County",8041,206,720403,"28.6","28.2"
"110"," CO","Fremont County",8043,23,47839,"48.1","44.7"
"111"," CO","Garfield County",8045,20,60061,"33.3","32.6"
"112"," CO","Jefferson County",8059,112,582881,"19.2","17.7"
"113"," CO","La Plata County",8067,11,56221,NA,NA
"114"," CO","Larimer County",8069,81,356899,"22.7","22.6"
"115"," CO","Mesa County",8077,46,154210,"29.8","31.3"
"116"," CO","Montrose County",8085,16,42758,NA,NA
"117"," CO","Park County",8093,15,18845,NA,NA
"118"," CO","Pueblo County",8101,50,168424,"29.7","30.3"
"119"," CO","Weld County",8123,71,324492,"21.9","22"
"120"," CT","Fairfield County",9001,90,943332,"9.5","9.1"
"121"," CT","Hartford County",9003,108,891720,"12.1","11.4"
"122"," CT","Litchfield County",9005,24,180333,"13.3","12.9"
"123"," CT","Middlesex County",9007,31,162436,"19.1","15.5"
"124"," CT","New Haven County",9009,95,854757,"11.1","10.1"
"125"," CT","New London County",9011,44,265206,"16.6","17"
"126"," CT","Tolland County",9013,25,150721,"16.6","14.5"
"127"," CT","Windham County",9015,18,116782,NA,NA
"128"," DE","Kent County",10001,23,180786,"12.7","14"
"129"," DE","New Castle County",10003,63,558753,"11.3","10.5"
"130"," DE","Sussex County",10005,25,234225,"10.7","10.5"
"131"," DC","District of Columbia",11001,44,705749,"6.2","6.2"
"132"," FL","Alachua County",12001,31,269043,"11.5","11.7"
"133"," FL","Bay County",12005,35,174705,"20","18.3"
"134"," FL","Brevard County",12009,139,601942,"23.1","19.6"
"135"," FL","Broward County",12011,241,1952778,"12.3","11.1"
"136"," FL","Charlotte County",12015,50,188910,"26.5","23.5"
"137"," FL","Citrus County",12017,46,149657,"30.7","25.9"
"138"," FL","Clay County",12019,43,219252,"19.6","18"
"139"," FL","Collier County",12021,48,384902,"12.5","12.1"
"140"," FL","Columbia County",12023,20,71686,"27.9","28.1"
"141"," FL","Duval County",12031,177,957755,"18.5","17.7"
"142"," FL","Escambia County",12033,53,318316,"16.7","15.5"
"143"," FL","Flagler County",12035,25,115081,"21.7","18.7"
"144"," FL","Gadsden County",12039,13,45660,NA,NA
"145"," FL","Hernando County",12053,43,193920,"22.2","19.5"
"146"," FL","Highlands County",12055,28,106221,"26.4","23.3"
"147"," FL","Hillsborough County",12057,220,1471968,"14.9","14"
"148"," FL","Indian River County",12061,29,159923,"18.1","16.1"
"149"," FL","Lake County",12069,78,367118,"21.2","19.3"
"150"," FL","Lee County",12071,124,770577,"16.1","14.1"
"151"," FL","Leon County",12073,33,293582,"11.2","11.2"
"152"," FL","Manatee County",12081,76,403253,"18.8","16.7"
"153"," FL","Marion County",12083,78,365579,"21.3","18.2"
"154"," FL","Martin County",12085,32,161000,"19.9","15.7"
"155"," FL","Miami-Dade County",12086,278,2716940,"10.2","9.2"
"156"," FL","Monroe County",12087,22,74228,"29.6","24.6"
"157"," FL","Nassau County",12089,17,88625,NA,NA
"158"," FL","Okaloosa County",12091,37,210738,"17.6","17.5"
"159"," FL","Orange County",12095,139,1393452,"10","9.5"
"160"," FL","Osceola County",12097,52,375751,"13.8","13.4"
"161"," FL","Palm Beach County",12099,235,1496770,"15.7","13.9"
"162"," FL","Pasco County",12101,121,553947,"21.8","20.1"
"163"," FL","Pinellas County",12103,189,974996,"19.4","16.8"
"164"," FL","Polk County",12105,135,724777,"18.6","17.1"
"165"," FL","Putnam County",12107,12,74521,NA,NA
"166"," FL","St. Johns County",12109,52,264672,"19.6","16.9"
"167"," FL","St. Lucie County",12111,47,328297,"14.3","12.7"
"168"," FL","Santa Rosa County",12113,35,184313,"19","18.3"
"169"," FL","Sarasota County",12115,87,433742,"20.1","19.1"
"170"," FL","Seminole County",12117,55,471826,"11.7","10.8"
"171"," FL","Sumter County",12119,36,132420,"27.2","25.5"
"172"," FL","Suwannee County",12121,12,44417,NA,NA
"173"," FL","Volusia County",12127,128,553284,"23.1","20.6"
"174"," FL","Walton County",12131,14,74071,NA,NA
"175"," GA","Barrow County",13013,20,83240,"24","23.6"
"176"," GA","Bartow County",13015,28,107738,"26","25.7"
"177"," GA","Bibb County",13021,21,153159,"13.7","13.4"
"178"," GA","Carroll County",13045,17,119992,NA,NA
"179"," GA","Catoosa County",13047,16,67580,NA,NA
"180"," GA","Chatham County",13051,64,289430,"22.1","21.6"
"181"," GA","Cherokee County",13057,43,258773,"16.6","16.1"
"182"," GA","Clarke County",13059,13,128331,NA,NA
"183"," GA","Clayton County",13063,26,292256,"8.9","9"
"184"," GA","Cobb County",13067,91,760141,"12","11.8"
"185"," GA","Columbia County",13073,17,156714,NA,NA
"186"," GA","Coweta County",13077,29,148509,"19.5","18.5"
"187"," GA","DeKalb County",13089,94,759297,"12.4","12.1"
"188"," GA","Dougherty County",13095,11,87956,NA,NA
"189"," GA","Douglas County",13097,26,146343,"17.8","18.4"
"190"," GA","Fayette County",13113,17,114421,NA,NA
"191"," GA","Floyd County",13115,25,98498,"25.4","25.4"
"192"," GA","Forsyth County",13117,26,244252,"10.6","10.3"
"193"," GA","Fulton County",13121,117,1063937,"11","10.7"
"194"," GA","Gilmer County",13123,12,31369,NA,NA
"195"," GA","Glynn County",13127,18,85292,NA,NA
"196"," GA","Gwinnett County",13135,114,936250,"12.2","12.3"
"197"," GA","Habersham County",13137,12,45328,NA,NA
"198"," GA","Hall County",13139,35,204441,"17.1","17.6"
"199"," GA","Henry County",13151,36,234561,"15.3","15.3"
"200"," GA","Houston County",13153,25,157863,"15.8","15.7"
"201"," GA","Jackson County",13157,15,72977,NA,NA
"202"," GA","Laurens County",13175,11,47546,NA,NA
"203"," GA","Lee County",13177,10,29992,NA,NA
"204"," GA","Liberty County",13179,15,61435,NA,NA
"205"," GA","Lowndes County",13185,16,117406,NA,NA
"206"," GA","Lumpkin County",13187,10,33610,NA,NA
"207"," GA","Monroe County",13207,12,27578,NA,NA
"208"," GA","Muscogee County",13215,24,195769,"12.3","11.6"
"209"," GA","Newton County",13217,25,111744,"22.4","21.2"
"210"," GA","Paulding County",13223,26,168667,"15.4","15.4"
"211"," GA","Pickens County",13227,11,32591,NA,NA
"212"," GA","Polk County",13233,11,42613,NA,NA
"213"," GA","Richmond County",13245,23,202518,"11.4","11.3"
"214"," GA","Rockdale County",13247,10,90896,NA,NA
"215"," GA","Spalding County",13255,17,66703,NA,NA
"216"," GA","Union County",13291,10,24511,NA,NA
"217"," GA","Walton County",13297,21,94593,"22.2","22"
"218"," GA","Whitfield County",13313,19,104628,NA,NA
"219"," HI","Hawaii County",15001,50,201513,"24.8","25.7"
"220"," HI","Honolulu County",15003,127,974563,"13","12.6"
"221"," HI","Kauai County",15007,13,72293,NA,NA
"222"," HI","Maui County",15009,34,167417,"20.3","20.7"
"223"," ID","Ada County",16001,84,481587,"17.4","16.7"
"224"," ID","Bannock County",16005,26,87808,"29.6","29.8"
"225"," ID","Bingham County",16011,12,46811,NA,NA
"226"," ID","Bonner County",16017,16,45739,NA,NA
"227"," ID","Bonneville County",16019,25,119062,"21","22.2"
"228"," ID","Canyon County",16027,45,229849,"19.6","19.7"
"229"," ID","Kootenai County",16055,39,165697,"23.5","24.1"
"230"," ID","Nez Perce County",16069,11,40408,NA,NA
"231"," ID","Twin Falls County",16083,22,86878,"25.3","24.8"
"232"," IL","Adams County",17001,14,65435,NA,NA
"233"," IL","Champaign County",17019,30,209689,"14.3","15"
"234"," IL","Christian County",17021,11,32304,NA,NA
"235"," IL","Cook County",17031,477,5150233,"9.3","8.7"
"236"," IL","DeKalb County",17037,16,104897,NA,NA
"237"," IL","DuPage County",17043,85,922921,"9.2","9"
"238"," IL","Franklin County",17055,11,38469,NA,NA
"239"," IL","Grundy County",17063,11,51054,NA,NA
"240"," IL","Kane County",17089,52,532403,"9.8","9.9"
"241"," IL","Kankakee County",17091,16,109862,NA,NA
"242"," IL","Kendall County",17093,13,128990,NA,NA
"243"," IL","Lake County",17097,67,696535,"9.6","8.8"
"244"," IL","LaSalle County",17099,18,108669,NA,NA
"245"," IL","McHenry County",17111,31,307774,"10.1","9.4"
"246"," IL","McLean County",17113,18,171517,NA,NA
"247"," IL","Macon County",17115,20,104009,"19.2","16.9"
"248"," IL","Madison County",17119,37,262966,"14.1","13.2"
"249"," IL","Ogle County",17141,10,50643,NA,NA
"250"," IL","Peoria County",17143,26,179179,"14.5","15.4"
"251"," IL","Rock Island County",17161,26,141879,"18.3","18.8"
"252"," IL","St. Clair County",17163,23,259686,"8.9","8.8"
"253"," IL","Sangamon County",17167,32,194672,"16.4","16.9"
"254"," IL","Tazewell County",17179,14,131803,NA,NA
"255"," IL","Vermilion County",17183,19,75758,NA,NA
"256"," IL","Will County",17197,69,690743,"10","9.5"
"257"," IL","Williamson County",17199,14,66597,NA,NA
"258"," IL","Winnebago County",17201,42,282572,"14.9","14.6"
"259"," IN","Allen County",18003,41,379299,"10.8","11.4"
"260"," IN","Bartholomew County",18005,15,83779,NA,NA
"261"," IN","Boone County",18011,13,67843,NA,NA
"262"," IN","Clark County",18019,19,118302,NA,NA
"263"," IN","Clinton County",18023,10,32399,NA,NA
"264"," IN","Delaware County",18035,25,114135,"21.9","21.2"
"265"," IN","Elkhart County",18039,30,206341,"14.5","14.2"
"266"," IN","Floyd County",18043,13,78522,NA,NA
"267"," IN","Hamilton County",18057,40,338011,"11.8","12.3"
"268"," IN","Hancock County",18059,13,78168,NA,NA
"269"," IN","Hendricks County",18063,18,170311,NA,NA
"270"," IN","Henry County",18065,10,47972,NA,NA
"271"," IN","Howard County",18067,12,82544,NA,NA
"272"," IN","Johnson County",18081,24,158167,"15.2","14.7"
"273"," IN","Lake County",18089,50,485493,"10.3","10"
"274"," IN","La Porte County",18091,21,109888,"19.1","16.7"
"275"," IN","Madison County",18095,29,129569,"22.4","22.7"
"276"," IN","Marion County",18097,125,964582,"13","13"
"277"," IN","Monroe County",18105,19,148431,NA,NA
"278"," IN","Morgan County",18109,17,70489,NA,NA
"279"," IN","Porter County",18127,26,170389,"15.3","13.8"
"280"," IN","St. Joseph County",18141,45,271826,"16.6","16.6"
"281"," IN","Tippecanoe County",18157,26,195732,"13.3","11.9"
"282"," IN","Vanderburgh County",18163,35,181451,"19.3","19.7"
"283"," IN","Vigo County",18167,14,107038,NA,NA
"284"," IN","Warrick County",18173,10,62998,NA,NA
"285"," IN","Wayne County",18177,12,65884,NA,NA
"286"," IA","Black Hawk County",19013,22,131228,"16.8","18.3"
"287"," IA","Cerro Gordo County",19033,12,42450,NA,NA
"288"," IA","Dallas County",19049,12,93453,NA,NA
"289"," IA","Dubuque County",19061,16,97311,NA,NA
"290"," IA","Johnson County",19103,10,151140,NA,NA
"291"," IA","Lee County",19111,12,33657,NA,NA
"292"," IA","Linn County",19113,45,226706,"19.8","19.9"
"293"," IA","Polk County",19153,95,490161,"19.4","19"
"294"," IA","Pottawattamie County",19155,23,93206,"24.7","23.6"
"295"," IA","Scott County",19163,28,172943,"16.2","16.5"
"296"," IA","Story County",19169,14,97117,NA,NA
"297"," IA","Wapello County",19179,14,34969,NA,NA
"298"," IA","Woodbury County",19193,14,103107,NA,NA
"299"," KS","Crawford County",20037,10,38818,NA,NA
"300"," KS","Douglas County",20045,14,122259,NA,NA
"301"," KS","Johnson County",20091,89,602401,"14.8","14.4"
"302"," KS","Leavenworth County",20103,10,81758,NA,NA
"303"," KS","Reno County",20155,18,61998,NA,NA
"304"," KS","Saline County",20169,11,54224,NA,NA
"305"," KS","Sedgwick County",20173,98,516042,"19","19.7"
"306"," KS","Shawnee County",20177,35,176875,"19.8","20.7"
"307"," KS","Wyandotte County",20209,23,165429,"13.9","14.4"
"308"," KY","Barren County",21009,10,44249,NA,NA
"309"," KY","Boone County",21015,17,133581,NA,NA
"310"," KY","Bullitt County",21029,14,81676,NA,NA
"311"," KY","Calloway County",21035,13,39001,NA,NA
"312"," KY","Campbell County",21037,13,93584,NA,NA
"313"," KY","Daviess County",21059,12,101511,NA,NA
"314"," KY","Fayette County",21067,36,323152,"11.1","10.2"
"315"," KY","Hardin County",21093,24,110958,"21.6","23"
"316"," KY","Hopkins County",21107,13,44686,NA,NA
"317"," KY","Jefferson County",21111,126,766757,"16.4","16.3"
"318"," KY","Kenton County",21117,32,166998,"19.2","18.6"
"319"," KY","McCracken County",21145,14,65418,NA,NA
"320"," KY","Madison County",21151,12,92987,NA,NA
"321"," KY","Pulaski County",21199,14,64979,NA,NA
"322"," KY","Warren County",21227,23,132896,"17.3","16.8"
"323"," LA","Acadia Parish",22001,11,62045,NA,NA
"324"," LA","Ascension Parish",22005,14,126604,NA,NA
"325"," LA","Bossier Parish",22015,18,127039,NA,NA
"326"," LA","Caddo Parish",22017,33,240204,"13.7","12.9"
"327"," LA","Calcasieu Parish",22019,48,203436,"23.6","23.9"
"328"," LA","East Baton Rouge Parish",22033,66,440059,"15","15.4"
"329"," LA","Jefferson Parish",22051,65,432493,"15","14.4"
"330"," LA","Lafayette Parish",22055,35,244390,"14.3","13.7"
"331"," LA","Lafourche Parish",22057,16,97614,NA,NA
"332"," LA","Livingston Parish",22063,21,140789,"14.9","14.3"
"333"," LA","Orleans Parish",22071,41,390144,"10.5","10.1"
"334"," LA","Ouachita Parish",22073,23,153279,"15","14.7"
"335"," LA","Plaquemines Parish",22075,10,23197,NA,NA
"336"," LA","Rapides Parish",22079,23,129648,"17.7","18.1"
"337"," LA","St. Landry Parish",22097,14,82124,NA,NA
"338"," LA","St. Martin Parish",22099,11,53431,NA,NA
"339"," LA","St. Tammany Parish",22103,49,260419,"18.8","19"
"340"," LA","Tangipahoa Parish",22105,14,134758,NA,NA
"341"," LA","Terrebonne Parish",22109,15,110461,NA,NA
"342"," LA","Vermilion Parish",22113,10,59511,NA,NA
"343"," ME","Androscoggin County",23001,25,108277,"23.1","22.4"
"344"," ME","Cumberland County",23005,42,295003,"14.2","12.7"
"345"," ME","Hancock County",23009,15,54987,NA,NA
"346"," ME","Kennebec County",23011,17,122302,NA,NA
"347"," ME","Knox County",23013,11,39772,NA,NA
"348"," ME","Lincoln County",23015,10,34634,NA,NA
"349"," ME","Oxford County",23017,18,57975,NA,NA
"350"," ME","Penobscot County",23019,20,152148,"13.1","11.2"
"351"," ME","Somerset County",23025,20,50484,"39.6","32"
"352"," ME","York County",23031,56,207641,"27","26.5"
"353"," MD","Allegany County",24001,10,70416,NA,NA
"354"," MD","Anne Arundel County",24003,74,579234,"12.8","12"
"355"," MD","Baltimore County",24005,102,827370,"12.3","11.5"
"356"," MD","Calvert County",24009,11,92525,NA,NA
"357"," MD","Carroll County",24013,19,168447,NA,NA
"358"," MD","Cecil County",24015,25,102855,"24.3","23.6"
"359"," MD","Charles County",24017,16,163257,NA,NA
"360"," MD","Frederick County",24021,34,259547,"13.1","12.5"
"361"," MD","Harford County",24025,28,255441,"11","10.4"
"362"," MD","Howard County",24027,39,325690,"12","11.8"
"363"," MD","Montgomery County",24031,82,1050688,"7.8","7.4"
"364"," MD","Prince George's County",24033,65,909327,"7.1","6.9"
"365"," MD","St. Mary's County",24037,13,113510,NA,NA
"366"," MD","Washington County",24043,27,151049,"17.9","17.6"
"367"," MD","Wicomico County",24045,13,103609,NA,NA
"368"," MD","Baltimore city",24510,55,593490,"9.3","9.1"
"369"," MA","Barnstable County",25001,23,212990,"10.8","10.2"
"370"," MA","Berkshire County",25003,23,124944,"18.4","18.7"
"371"," MA","Bristol County",25005,66,565217,"11.7","11.7"
"372"," MA","Essex County",25009,75,789034,"9.5","8.8"
"373"," MA","Franklin County",25011,15,70180,NA,NA
"374"," MA","Hampden County",25013,45,466372,"9.6","8.8"
"375"," MA","Hampshire County",25015,19,160830,NA,NA
"376"," MA","Middlesex County",25017,127,1611699,"7.9","7.2"
"377"," MA","Norfolk County",25021,56,706775,"7.9","6.9"
"378"," MA","Plymouth County",25023,51,521202,"9.8","9.5"
"379"," MA","Suffolk County",25025,52,803907,"6.5","6.2"
"380"," MA","Worcester County",25027,91,830622,"11","10.2"
"381"," MI","Allegan County",26005,16,118081,NA,NA
"382"," MI","Barry County",26015,10,61550,NA,NA
"383"," MI","Bay County",26017,19,103126,NA,NA
"384"," MI","Berrien County",26021,24,153401,"15.6","14.9"
"385"," MI","Branch County",26023,11,43517,NA,NA
"386"," MI","Calhoun County",26025,26,134159,"19.4","20.4"
"387"," MI","Cass County",26027,14,51787,NA,NA
"388"," MI","Clinton County",26037,10,79595,NA,NA
"389"," MI","Delta County",26041,10,35784,NA,NA
"390"," MI","Eaton County",26045,18,110268,NA,NA
"391"," MI","Genesee County",26049,56,405813,"13.8","13.2"
"392"," MI","Grand Traverse County",26055,16,93088,NA,NA
"393"," MI","Hillsdale County",26059,12,45605,NA,NA
"394"," MI","Ingham County",26065,42,292406,"14.4","14"
"395"," MI","Jackson County",26075,38,158510,"24","23.6"
"396"," MI","Kalamazoo County",26077,39,265066,"14.7","13.8"
"397"," MI","Kent County",26081,75,656955,"11.4","11.4"
"398"," MI","Lapeer County",26087,15,87607,NA,NA
"399"," MI","Lenawee County",26091,13,98451,NA,NA
"400"," MI","Livingston County",26093,29,191995,"15.1","15.6"
"401"," MI","Macomb County",26099,151,873972,"17.3","16.3"
"402"," MI","Marquette County",26103,16,66699,NA,NA
"403"," MI","Midland County",26111,10,83156,NA,NA
"404"," MI","Monroe County",26115,20,150500,"13.3","11.3"
"405"," MI","Montcalm County",26117,16,63888,NA,NA
"406"," MI","Muskegon County",26121,23,173566,"13.3","13.4"
"407"," MI","Oakland County",26125,157,1257584,"12.5","11.4"
"408"," MI","Ottawa County",26139,26,291830,"8.9","9.2"
"409"," MI","Saginaw County",26145,38,190539,"19.9","17.9"
"410"," MI","St. Clair County",26147,40,159128,"25.1","25.6"
"411"," MI","St. Joseph County",26149,13,60964,NA,NA
"412"," MI","Tuscola County",26157,11,52245,NA,NA
"413"," MI","Van Buren County",26159,12,75677,NA,NA
"414"," MI","Washtenaw County",26161,50,367601,"13.6","13"
"415"," MI","Wayne County",26163,211,1749343,"12.1","11.9"
"416"," MN","Anoka County",27003,36,356921,"10.1","10.6"
"417"," MN","Becker County",27005,11,34423,NA,NA
"418"," MN","Beltrami County",27007,16,47188,NA,NA
"419"," MN","Carver County",27019,13,105089,NA,NA
"420"," MN","Crow Wing County",27035,13,65055,NA,NA
"421"," MN","Dakota County",27037,54,429021,"12.6","12.5"
"422"," MN","Douglas County",27041,10,38141,NA,NA
"423"," MN","Hennepin County",27053,165,1265843,"13","12.3"
"424"," MN","Mower County",27099,11,40062,NA,NA
"425"," MN","Olmsted County",27109,22,158293,"13.9","13.5"
"426"," MN","Otter Tail County",27111,12,58746,NA,NA
"427"," MN","Ramsey County",27123,72,550321,"13.1","12.1"
"428"," MN","St. Louis County",27137,43,199070,"21.6","22.5"
"429"," MN","Scott County",27139,13,149013,NA,NA
"430"," MN","Sherburne County",27141,16,97238,NA,NA
"431"," MN","Stearns County",27145,18,161075,NA,NA
"432"," MN","Washington County",27163,40,262440,"15.2","15"
"433"," MN","Wright County",27171,17,138377,NA,NA
"434"," MS","DeSoto County",28033,24,184945,"13","13.2"
"435"," MS","Forrest County",28035,12,74897,NA,NA
"436"," MS","Harrison County",28047,36,208080,"17.3","17.1"
"437"," MS","Hinds County",28049,29,231840,"12.5","12.4"
"438"," MS","Jackson County",28059,26,143617,"18.1","18.3"
"439"," MS","Jones County",28067,11,68098,NA,NA
"440"," MS","Madison County",28089,13,106272,NA,NA
"441"," MS","Marshall County",28093,11,35294,NA,NA
"442"," MS","Rankin County",28121,21,155271,"13.5","13"
"443"," MO","Boone County",29019,30,180463,"16.6","17.5"
"444"," MO","Cape Girardeau County",29031,19,78871,NA,NA
"445"," MO","Cass County",29037,32,105780,"30.3","28.7"
"446"," MO","Christian County",29043,22,88595,"24.8","25.5"
"447"," MO","Clay County",29047,59,249948,"23.6","22.3"
"448"," MO","Cole County",29051,11,76745,NA,NA
"449"," MO","Franklin County",29071,20,103967,"19.2","19.8"
"450"," MO","Greene County",29077,65,293086,"22.2","22"
"451"," MO","Howell County",29091,12,40117,NA,NA
"452"," MO","Jackson County",29095,141,703011,"20.1","20.3"
"453"," MO","Jasper County",29097,20,121328,"16.5","16.1"
"454"," MO","Jefferson County",29099,55,225081,"24.4","24.2"
"455"," MO","Lincoln County",29113,13,59013,NA,NA
"456"," MO","Newton County",29145,14,58236,NA,NA
"457"," MO","Phelps County",29161,11,44573,NA,NA
"458"," MO","Platte County",29165,22,104418,"21.1","21.5"
"459"," MO","St. Charles County",29183,55,402022,"13.7","13.2"
"460"," MO","St. Francois County",29187,10,67215,NA,NA
"461"," MO","St. Louis County",29189,142,994205,"14.3","13.5"
"462"," MO","St. Louis city",29510,47,300576,"15.6","15.2"
"463"," MT","Cascade County",30013,23,81366,"28.3","26.4"
"464"," MT","Flathead County",30029,28,103806,"27","26.1"
"465"," MT","Gallatin County",30031,26,114434,"22.7","22.6"
"466"," MT","Missoula County",30063,22,119600,"18.4","16.4"
"467"," MT","Ravalli County",30081,14,43806,NA,NA
"468"," MT","Silver Bow County",30093,14,34915,NA,NA
"469"," MT","Yellowstone County",30111,54,161300,"33.5","31.2"
"470"," NE","Buffalo County",31019,12,49659,NA,NA
"471"," NE","Douglas County",31055,97,571327,"17","17"
"472"," NE","Lancaster County",31109,39,319090,"12.2","12.4"
"473"," NE","Madison County",31119,10,35099,NA,NA
"474"," NE","Sarpy County",31153,27,187196,"14.4","14.7"
"475"," NE","Scotts Bluff County",31157,15,35618,NA,NA
"476"," NV","Clark County",32003,419,2266715,"18.5","17.5"
"477"," NV","Douglas County",32005,22,48905,"45","50.4"
"478"," NV","Elko County",32007,22,52778,"41.7","44.1"
"479"," NV","Lyon County",32019,16,57510,NA,NA
"480"," NV","Nye County",32023,18,46523,NA,NA
"481"," NV","Washoe County",32031,111,471519,"23.5","22.3"
"482"," NV","Carson City",32510,17,55916,NA,NA
"483"," NH","Belknap County",33001,17,61303,NA,NA
"484"," NH","Carroll County",33003,11,48910,NA,NA
"485"," NH","Cheshire County",33005,16,76085,NA,NA
"486"," NH","Grafton County",33009,18,89886,NA,NA
"487"," NH","Hillsborough County",33011,92,417025,"22.1","20.8"
"488"," NH","Merrimack County",33013,30,151391,"19.8","18.2"
"489"," NH","Rockingham County",33015,39,309769,"12.6","12.1"
"490"," NH","Strafford County",33017,19,130633,NA,NA
"491"," NJ","Atlantic County",34001,33,263670,"12.5","11.8"
"492"," NJ","Bergen County",34003,88,932202,"9.4","8.7"
"493"," NJ","Burlington County",34005,48,445349,"10.8","9.4"
"494"," NJ","Camden County",34007,55,506471,"10.9","9.9"
"495"," NJ","Cumberland County",34011,18,149527,NA,NA
"496"," NJ","Essex County",34013,58,798975,"7.3","7.2"
"497"," NJ","Gloucester County",34015,30,291636,"10.3","9.2"
"498"," NJ","Hudson County",34017,40,672391,"5.9","5.4"
"499"," NJ","Hunterdon County",34019,18,124371,NA,NA
"500"," NJ","Mercer County",34021,27,367430,"7.3","7.5"
"501"," NJ","Middlesex County",34023,62,825062,"7.5","7.4"
"502"," NJ","Monmouth County",34025,54,618795,"8.7","8.2"
"503"," NJ","Morris County",34027,35,491845,"7.1","6.3"
"504"," NJ","Ocean County",34029,71,607186,"11.7","11.7"
"505"," NJ","Passaic County",34031,27,501826,"5.4","5.3"
"506"," NJ","Somerset County",34035,25,328934,"7.6","7.1"
"507"," NJ","Sussex County",34037,12,140488,NA,NA
"508"," NJ","Union County",34039,37,556341,"6.7","6.5"
"509"," NM","Bernalillo County",35001,160,679121,"23.6","22.6"
"510"," NM","Chaves County",35005,13,64615,NA,NA
"511"," NM","Cibola County",35006,11,26675,NA,NA
"512"," NM","Dona Ana County",35013,36,218195,"16.5","17.1"
"513"," NM","Eddy County",35015,20,58460,"34.2","34"
"514"," NM","Lea County",35025,10,71070,NA,NA
"515"," NM","McKinley County",35031,19,71367,NA,NA
"516"," NM","Otero County",35035,21,67490,"31.1","30"
"517"," NM","Sandoval County",35043,46,146748,"31.3","32.3"
"518"," NM","San Juan County",35045,33,123958,"26.6","29"
"519"," NM","Santa Fe County",35049,42,150358,"27.9","26.9"
"520"," NM","Valencia County",35061,14,76688,NA,NA
"521"," NY","Albany County",36001,35,305506,"11.5","10.9"
"522"," NY","Bronx County",36005,68,1418207,"4.8","4.7"
"523"," NY","Broome County",36007,19,190488,NA,NA
"524"," NY","Cattaraugus County",36009,12,76117,NA,NA
"525"," NY","Chautauqua County",36013,14,126903,NA,NA
"526"," NY","Chemung County",36015,11,83456,NA,NA
"527"," NY","Clinton County",36019,10,80485,NA,NA
"528"," NY","Columbia County",36021,12,59461,NA,NA
"529"," NY","Dutchess County",36027,40,294218,"13.6","12"
"530"," NY","Erie County",36029,105,918702,"11.4","10.9"
"531"," NY","Fulton County",36035,10,53383,NA,NA
"532"," NY","Greene County",36039,11,47188,NA,NA
"533"," NY","Jefferson County",36045,24,109834,"21.9","22"
"534"," NY","Kings County",36047,152,2559903,"5.9","5.8"
"535"," NY","Monroe County",36055,97,741770,"13.1","12.7"
"536"," NY","Nassau County",36059,84,1356924,"6.2","5.9"
"537"," NY","New York County",36061,131,1628706,"8","7.2"
"538"," NY","Niagara County",36063,18,209281,NA,NA
"539"," NY","Oneida County",36065,34,228671,"14.9","15.7"
"540"," NY","Onondaga County",36067,54,460528,"11.7","12.1"
"541"," NY","Ontario County",36069,22,109777,"20","18"
"542"," NY","Orange County",36071,47,384940,"12.2","11.2"
"543"," NY","Oswego County",36075,13,117124,NA,NA
"544"," NY","Queens County",36081,142,2253858,"6.3","5.9"
"545"," NY","Rensselaer County",36083,15,158714,NA,NA
"546"," NY","Richmond County",36085,33,476143,"6.9","6.6"
"547"," NY","Rockland County",36087,21,325789,"6.4","6.2"
"548"," NY","St. Lawrence County",36089,14,107740,NA,NA
"549"," NY","Saratoga County",36091,27,229863,"11.7","10.6"
"550"," NY","Schenectady County",36093,12,155299,NA,NA
"551"," NY","Steuben County",36101,11,95379,NA,NA
"552"," NY","Suffolk County",36103,136,1476601,"9.2","8.5"
"553"," NY","Sullivan County",36105,14,75432,NA,NA
"554"," NY","Tompkins County",36109,16,102180,NA,NA
"555"," NY","Ulster County",36111,24,177573,"13.5","12.2"
"556"," NY","Wayne County",36117,16,89918,NA,NA
"557"," NY","Westchester County",36119,62,967506,"6.4","6.2"
"558"," NC","Alamance County",37001,22,169509,"13","13.3"
"559"," NC","Brunswick County",37019,25,142820,"17.5","17.9"
"560"," NC","Buncombe County",37021,55,261191,"21.1","20.5"
"561"," NC","Burke County",37023,13,90485,NA,NA
"562"," NC","Cabarrus County",37025,19,216453,NA,NA
"563"," NC","Caldwell County",37027,10,82178,NA,NA
"564"," NC","Carteret County",37031,14,69473,NA,NA
"565"," NC","Catawba County",37035,26,159551,"16.3","16.4"
"566"," NC","Chatham County",37037,11,74470,NA,NA
"567"," NC","Cleveland County",37045,14,97947,NA,NA
"568"," NC","Craven County",37049,13,102139,NA,NA
"569"," NC","Cumberland County",37051,47,335509,"14","14"
"570"," NC","Davidson County",37057,26,167609,"15.5","15.1"
"571"," NC","Durham County",37063,25,321488,"7.8","7.4"
"572"," NC","Forsyth County",37067,40,382295,"10.5","9.9"
"573"," NC","Franklin County",37069,12,69685,NA,NA
"574"," NC","Gaston County",37071,34,224529,"15.1","15.6"
"575"," NC","Guilford County",37081,56,537174,"10.4","10.1"
"576"," NC","Harnett County",37085,18,135976,NA,NA
"577"," NC","Haywood County",37087,15,62317,NA,NA
"578"," NC","Henderson County",37089,26,117417,"22.1","20.6"
"579"," NC","Iredell County",37097,24,181806,"13.2","12.4"
"580"," NC","Johnston County",37101,24,209339,"11.5","11.1"
"581"," NC","Lenoir County",37107,10,55949,NA,NA
"582"," NC","Lincoln County",37109,19,86111,NA,NA
"583"," NC","Mecklenburg County",37119,96,1110356,"8.6","8.4"
"584"," NC","Moore County",37125,15,100880,NA,NA
"585"," NC","Nash County",37127,15,94298,NA,NA
"586"," NC","New Hanover County",37129,46,234473,"19.6","18.5"
"587"," NC","Onslow County",37133,36,197938,"18.2","18"
"588"," NC","Orange County",37135,20,148476,"13.5","13"
"589"," NC","Pender County",37141,17,63060,NA,NA
"590"," NC","Pitt County",37147,20,180742,"11.1","11.6"
"591"," NC","Randolph County",37151,16,143667,NA,NA
"592"," NC","Robeson County",37155,14,130625,NA,NA
"593"," NC","Rockingham County",37157,16,91010,NA,NA
"594"," NC","Rowan County",37159,17,142088,NA,NA
"595"," NC","Rutherford County",37161,12,67029,NA,NA
"596"," NC","Surry County",37171,10,71783,NA,NA
"597"," NC","Union County",37179,25,239859,"10.4","10"
"598"," NC","Wake County",37183,109,1111761,"9.8","9.7"
"599"," NC","Watauga County",37189,12,56177,NA,NA
"600"," NC","Wayne County",37191,16,123131,NA,NA
"601"," NC","Wilkes County",37193,16,68412,NA,NA
"602"," ND","Burleigh County",38015,12,95626,NA,NA
"603"," ND","Cass County",38017,34,181923,"18.7","18.9"
"604"," ND","Ward County",38101,14,67641,NA,NA
"605"," OH","Ashtabula County",39007,16,97241,NA,NA
"606"," OH","Athens County",39009,11,65327,NA,NA
"607"," OH","Belmont County",39013,10,67006,NA,NA
"608"," OH","Butler County",39017,53,383134,"13.8","14.8"
"609"," OH","Champaign County",39021,10,38885,NA,NA
"610"," OH","Clark County",39023,26,134083,"19.4","19.6"
"611"," OH","Clermont County",39025,43,206428,"20.8","19.9"
"612"," OH","Columbiana County",39029,21,101883,"20.6","19"
"613"," OH","Coshocton County",39031,10,36600,NA,NA
"614"," OH","Crawford County",39033,13,41494,NA,NA
"615"," OH","Cuyahoga County",39035,185,1235072,"15","14.7"
"616"," OH","Delaware County",39041,27,209177,"12.9","13.3"
"617"," OH","Erie County",39043,14,74266,NA,NA
"618"," OH","Fairfield County",39045,22,157574,"14","13.8"
"619"," OH","Franklin County",39049,153,1316756,"11.6","11.4"
"620"," OH","Gallia County",39053,10,29898,NA,NA
"621"," OH","Geauga County",39055,12,93649,NA,NA
"622"," OH","Greene County",39057,19,168937,NA,NA
"623"," OH","Hamilton County",39061,110,817473,"13.5","13.6"
"624"," OH","Hancock County",39063,14,75783,NA,NA
"625"," OH","Huron County",39077,14,58266,NA,NA
"626"," OH","Jackson County",39079,12,32413,NA,NA
"627"," OH","Jefferson County",39081,16,65325,NA,NA
"628"," OH","Knox County",39083,10,62322,NA,NA
"629"," OH","Lake County",39085,43,230149,"18.7","16.8"
"630"," OH","Licking County",39089,31,176862,"17.5","18"
"631"," OH","Logan County",39091,10,45672,NA,NA
"632"," OH","Lorain County",39093,51,309833,"16.5","16.3"
"633"," OH","Lucas County",39095,73,428348,"17","17.1"
"634"," OH","Mahoning County",39099,37,228683,"16.2","14.8"
"635"," OH","Marion County",39101,18,65093,NA,NA
"636"," OH","Medina County",39103,31,179746,"17.2","16.2"
"637"," OH","Miami County",39109,12,106987,NA,NA
"638"," OH","Montgomery County",39113,91,531687,"17.1","16.6"
"639"," OH","Muskingum County",39119,17,86215,NA,NA
"640"," OH","Ottawa County",39123,11,40525,NA,NA
"641"," OH","Pickaway County",39129,10,58457,NA,NA
"642"," OH","Portage County",39133,23,162466,"14.2","14"
"643"," OH","Richland County",39139,11,121154,NA,NA
"644"," OH","Ross County",39141,10,76666,NA,NA
"645"," OH","Scioto County",39145,13,75314,NA,NA
"646"," OH","Seneca County",39147,14,55178,NA,NA
"647"," OH","Stark County",39151,73,370606,"19.7","19.8"
"648"," OH","Summit County",39153,90,541013,"16.6","16.8"
"649"," OH","Trumbull County",39155,36,197974,"18.2","16.8"
"650"," OH","Tuscarawas County",39157,11,91987,NA,NA
"651"," OH","Warren County",39165,31,234602,"13.2","12.6"
"652"," OH","Washington County",39167,11,59911,NA,NA
"653"," OH","Wayne County",39169,24,115710,"20.7","21.1"
"654"," OH","Wood County",39173,11,130817,NA,NA
"655"," OK","Bryan County",40013,11,47995,NA,NA
"656"," OK","Caddo County",40015,10,28762,NA,NA
"657"," OK","Canadian County",40017,26,148306,"17.5","17.6"
"658"," OK","Carter County",40019,11,48111,NA,NA
"659"," OK","Cleveland County",40027,58,284014,"20.4","19.3"
"660"," OK","Comanche County",40031,17,120749,NA,NA
"661"," OK","Creek County",40037,17,71522,NA,NA
"662"," OK","Custer County",40039,10,29003,NA,NA
"663"," OK","Garfield County",40047,10,61056,NA,NA
"664"," OK","Grady County",40051,10,55834,NA,NA
"665"," OK","Kay County",40071,12,43538,NA,NA
"666"," OK","McCurtain County",40089,10,32832,NA,NA
"667"," OK","Muskogee County",40101,13,67997,NA,NA
"668"," OK","Oklahoma County",40109,174,797434,"21.8","21.2"
"669"," OK","Okmulgee County",40111,13,38465,NA,NA
"670"," OK","Osage County",40113,18,46963,NA,NA
"671"," OK","Ottawa County",40115,10,31127,NA,NA
"672"," OK","Payne County",40119,14,81784,NA,NA
"673"," OK","Pittsburg County",40121,11,43654,NA,NA
"674"," OK","Pontotoc County",40123,10,38284,NA,NA
"675"," OK","Pottawatomie County",40125,13,72592,NA,NA
"676"," OK","Rogers County",40131,16,92459,NA,NA
"677"," OK","Stephens County",40137,11,43143,NA,NA
"678"," OK","Tulsa County",40143,111,651552,"17","17.5"
"679"," OK","Wagoner County",40145,18,81289,NA,NA
"680"," OK","Washington County",40147,12,51527,NA,NA
"681"," OR","Clackamas County",41005,80,418187,"19.1","18.4"
"682"," OR","Coos County",41011,24,64487,"37.2","29.7"
"683"," OR","Crook County",41013,10,24404,NA,NA
"684"," OR","Deschutes County",41017,32,197692,"16.2","16.1"
"685"," OR","Douglas County",41019,47,110980,"42.3","41.9"
"686"," OR","Jackson County",41029,74,220944,"33.5","31.6"
"687"," OR","Josephine County",41033,23,87487,"26.3","25"
"688"," OR","Klamath County",41035,31,68238,"45.4","48.6"
"689"," OR","Lane County",41039,106,382067,"27.7","27.1"
"690"," OR","Lincoln County",41041,22,49962,"44","44"
"691"," OR","Linn County",41043,30,129749,"23.1","22.3"
"692"," OR","Marion County",41047,52,347818,"15","14.8"
"693"," OR","Multnomah County",41051,162,812855,"19.9","18.5"
"694"," OR","Polk County",41053,16,86085,NA,NA
"695"," OR","Umatilla County",41059,10,77950,NA,NA
"696"," OR","Washington County",41067,95,601592,"15.8","14.9"
"697"," OR","Yamhill County",41071,17,107100,NA,NA
"698"," PA","Adams County",42001,10,103009,NA,NA
"699"," PA","Allegheny County",42003,187,1216045,"15.4","14.6"
"700"," PA","Armstrong County",42005,12,64735,NA,NA
"701"," PA","Beaver County",42007,25,163929,"15.3","13.5"
"702"," PA","Bedford County",42009,13,47888,NA,NA
"703"," PA","Berks County",42011,72,421164,"17.1","16.4"
"704"," PA","Blair County",42013,20,121829,"16.4","17.7"
"705"," PA","Bradford County",42015,10,60323,NA,NA
"706"," PA","Bucks County",42017,103,628270,"16.4","15.4"
"707"," PA","Butler County",42019,29,187853,"15.4","15.7"
"708"," PA","Cambria County",42021,22,130192,"16.9","17.2"
"709"," PA","Carbon County",42025,13,64182,NA,NA
"710"," PA","Centre County",42027,25,162385,"15.4","16.2"
"711"," PA","Chester County",42029,60,524989,"11.4","10.8"
"712"," PA","Clearfield County",42033,18,79255,NA,NA
"713"," PA","Clinton County",42035,10,38632,NA,NA
"714"," PA","Columbia County",42037,20,64964,"30.8","25.8"
"715"," PA","Crawford County",42039,15,84629,NA,NA
"716"," PA","Cumberland County",42041,27,253370,"10.7","10.3"
"717"," PA","Dauphin County",42043,35,278299,"12.6","12.1"
"718"," PA","Delaware County",42045,85,566747,"15","13.8"
"719"," PA","Erie County",42049,47,269728,"17.4","15.3"
"720"," PA","Fayette County",42051,23,129274,"17.8","16.2"
"721"," PA","Franklin County",42055,24,155027,"15.5","14.6"
"722"," PA","Greene County",42059,10,36233,NA,NA
"723"," PA","Indiana County",42063,10,84073,NA,NA
"724"," PA","Lackawanna County",42069,33,209674,"15.7","14.3"
"725"," PA","Lancaster County",42071,55,545724,"10.1","9.4"
"726"," PA","Lawrence County",42073,24,85512,"28.1","27.3"
"727"," PA","Lebanon County",42075,19,141793,NA,NA
"728"," PA","Lehigh County",42077,44,369318,"11.9","10.7"
"729"," PA","Luzerne County",42079,64,317417,"20.2","17.9"
"730"," PA","Lycoming County",42081,16,113299,NA,NA
"731"," PA","Mercer County",42085,20,109424,"18.3","20.6"
"732"," PA","Monroe County",42089,23,170271,"13.5","12.4"
"733"," PA","Montgomery County",42091,112,830915,"13.5","12.3"
"734"," PA","Northampton County",42095,37,305285,"12.1","10.2"
"735"," PA","Northumberland County",42097,14,90843,NA,NA
"736"," PA","Philadelphia County",42101,168,1584064,"10.6","10.5"
"737"," PA","Pike County",42103,10,55809,NA,NA
"738"," PA","Schuylkill County",42107,32,141359,"22.6","22"
"739"," PA","Somerset County",42111,11,73447,NA,NA
"740"," PA","Tioga County",42117,11,40591,NA,NA
"741"," PA","Washington County",42125,38,206865,"18.4","17.7"
"742"," PA","Wayne County",42127,16,51361,NA,NA
"743"," PA","Westmoreland County",42129,55,348899,"15.8","14.2"
"744"," PA","York County",42133,73,449058,"16.3","15.4"
"745"," RI","Kent County",44003,15,164292,NA,NA
"746"," RI","Newport County",44005,12,82082,NA,NA
"747"," RI","Providence County",44007,73,638931,"11.4","10.5"
"748"," RI","Washington County",44009,14,125577,NA,NA
"749"," SC","Aiken County",45003,32,170872,"18.7","19.1"
"750"," SC","Anderson County",45007,33,202558,"16.3","16.4"
"751"," SC","Beaufort County",45013,26,192122,"13.5","13.9"
"752"," SC","Berkeley County",45015,42,227907,"18.4","18.1"
"753"," SC","Charleston County",45019,71,411406,"17.3","15.8"
"754"," SC","Cherokee County",45021,16,57300,NA,NA
"755"," SC","Chesterfield County",45025,11,45650,NA,NA
"756"," SC","Clarendon County",45027,12,33745,NA,NA
"757"," SC","Darlington County",45031,13,66618,NA,NA
"758"," SC","Dorchester County",45035,21,162809,"12.9","13"
"759"," SC","Florence County",45041,18,138293,NA,NA
"760"," SC","Georgetown County",45043,10,62680,NA,NA
"761"," SC","Greenville County",45045,86,523542,"16.4","16.2"
"762"," SC","Greenwood County",45047,15,70811,NA,NA
"763"," SC","Horry County",45051,51,354081,"14.4","13.9"
"764"," SC","Kershaw County",45055,18,66551,NA,NA
"765"," SC","Lancaster County",45057,14,98012,NA,NA
"766"," SC","Laurens County",45059,14,67493,NA,NA
"767"," SC","Lexington County",45063,47,298750,"15.7","14.3"
"768"," SC","Oconee County",45073,14,79546,NA,NA
"769"," SC","Pickens County",45077,30,126884,"23.6","24"
"770"," SC","Richland County",45079,57,415759,"13.7","13.4"
"771"," SC","Spartanburg County",45083,57,319785,"17.8","17.1"
"772"," SC","Sumter County",45085,15,106721,NA,NA
"773"," SC","York County",45091,50,280979,"17.8","17.2"
"774"," SD","Minnehaha County",46099,33,193134,"17.1","17.5"
"775"," SD","Pennington County",46103,30,113775,"26.4","24.3"
"776"," TN","Anderson County",47001,25,76978,"32.5","34.4"
"777"," TN","Blount County",47009,18,133088,NA,NA
"778"," TN","Bradley County",47011,18,108110,NA,NA
"779"," TN","Campbell County",47013,10,39842,NA,NA
"780"," TN","Carter County",47019,14,56391,NA,NA
"781"," TN","Cocke County",47029,11,36004,NA,NA
"782"," TN","Coffee County",47031,15,56520,NA,NA
"783"," TN","Cumberland County",47035,12,60520,NA,NA
"784"," TN","Davidson County",47037,90,694144,"13","12.5"
"785"," TN","Dickson County",47043,13,53948,NA,NA
"786"," TN","Franklin County",47051,12,42208,NA,NA
"787"," TN","Gibson County",47053,12,49133,NA,NA
"788"," TN","Greene County",47059,17,69069,NA,NA
"789"," TN","Hamblen County",47063,14,64934,NA,NA
"790"," TN","Hamilton County",47065,61,367804,"16.6","16.1"
"791"," TN","Hardin County",47071,10,25652,NA,NA
"792"," TN","Hawkins County",47073,16,56786,NA,NA
"793"," TN","Henry County",47079,10,32345,NA,NA
"794"," TN","Jefferson County",47089,20,54495,"36.7","34"
"795"," TN","Knox County",47093,81,470313,"17.2","16.7"
"796"," TN","Loudon County",47105,10,54068,NA,NA
"797"," TN","Madison County",47113,10,97984,NA,NA
"798"," TN","Maury County",47119,16,96387,NA,NA
"799"," TN","Montgomery County",47125,33,208993,"15.8","17.3"
"800"," TN","Putnam County",47141,16,80245,NA,NA
"801"," TN","Roane County",47145,10,53382,NA,NA
"802"," TN","Robertson County",47147,17,71813,NA,NA
"803"," TN","Rutherford County",47149,47,332285,"14.1","14.2"
"804"," TN","Sevier County",47155,24,98250,"24.4","25.8"
"805"," TN","Shelby County",47157,114,937166,"12.2","12.1"
"806"," TN","Sullivan County",47163,38,158348,"24","21.8"
"807"," TN","Sumner County",47165,30,191283,"15.7","15.4"
"808"," TN","Tipton County",47167,12,61599,NA,NA
"809"," TN","Washington County",47179,33,129375,"25.5","23.4"
"810"," TN","Williamson County",47187,29,238412,"12.2","11.6"
"811"," TN","Wilson County",47189,33,144657,"22.8","22.9"
"812"," TX","Anderson County",48001,17,57735,NA,NA
"813"," TX","Angelina County",48005,11,86715,NA,NA
"814"," TX","Aransas County",48007,10,23510,NA,NA
"815"," TX","Bastrop County",48021,12,88723,NA,NA
"816"," TX","Bell County",48027,71,362924,"19.6","18.9"
"817"," TX","Bexar County",48029,245,2003554,"12.2","12.2"
"818"," TX","Bowie County",48037,19,93245,NA,NA
"819"," TX","Brazoria County",48039,42,374264,"11.2","11"
"820"," TX","Brazos County",48041,22,229211,"9.6","9.5"
"821"," TX","Burnet County",48053,10,48155,NA,NA
"822"," TX","Cameron County",48061,29,423163,"6.9","7.2"
"823"," TX","Cherokee County",48073,10,52646,NA,NA
"824"," TX","Collin County",48085,111,1034730,"10.7","10.9"
"825"," TX","Comal County",48091,40,156209,"25.6","25.8"
"826"," TX","Coryell County",48099,15,75951,NA,NA
"827"," TX","Dallas County",48113,286,2635516,"10.9","11"
"828"," TX","Denton County",48121,112,887207,"12.6","12.2"
"829"," TX","Ector County",48135,21,166223,"12.6","13.8"
"830"," TX","Ellis County",48139,30,184826,"16.2","16.6"
"831"," TX","El Paso County",48141,100,839238,"11.9","12.2"
"832"," TX","Fort Bend County",48157,73,811688,"9","8.8"
"833"," TX","Galveston County",48167,53,342139,"15.5","14.4"
"834"," TX","Grayson County",48181,29,136212,"21.3","21.8"
"835"," TX","Gregg County",48183,22,123945,"17.7","18.3"
"836"," TX","Guadalupe County",48187,17,166847,NA,NA
"837"," TX","Hardin County",48199,14,57602,NA,NA
"838"," TX","Harris County",48201,507,4713325,"10.8","10.7"
"839"," TX","Harrison County",48203,14,66553,NA,NA
"840"," TX","Hays County",48209,29,230191,"12.6","11.2"
"841"," TX","Henderson County",48213,21,82737,"25.4","22.4"
"842"," TX","Hidalgo County",48215,65,868707,"7.5","8"
"843"," TX","Hill County",48217,12,36649,NA,NA
"844"," TX","Hood County",48221,11,61643,NA,NA
"845"," TX","Howard County",48227,10,36664,NA,NA
"846"," TX","Hunt County",48231,11,98594,NA,NA
"847"," TX","Jefferson County",48245,39,251565,"15.5","15.9"
"848"," TX","Johnson County",48251,26,175817,"14.8","15.8"
"849"," TX","Kaufman County",48257,19,136154,NA,NA
"850"," TX","Kerr County",48265,14,52600,NA,NA
"851"," TX","Lamar County",48277,11,49859,NA,NA
"852"," TX","Liberty County",48291,21,88219,"23.8","23.3"
"853"," TX","Lubbock County",48303,53,310569,"17.1","17.4"
"854"," TX","McLennan County",48309,41,256623,"16","16.6"
"855"," TX","Medina County",48325,10,51584,NA,NA
"856"," TX","Midland County",48329,34,176832,"19.2","20.6"
"857"," TX","Montgomery County",48339,109,607391,"17.9","18.2"
"858"," TX","Nacogdoches County",48347,12,65204,NA,NA
"859"," TX","Nueces County",48355,55,362294,"15.2","15"
"860"," TX","Orange County",48361,12,83396,NA,NA
"861"," TX","Parker County",48367,24,142878,"16.8","15.9"
"862"," TX","Polk County",48373,14,51353,NA,NA
"863"," TX","Potter County",48375,31,117415,"26.4","26.5"
"864"," TX","Randall County",48381,31,137713,"22.5","22.4"
"865"," TX","Rockwall County",48397,16,104915,NA,NA
"866"," TX","Rusk County",48401,10,54406,NA,NA
"867"," TX","San Patricio County",48409,14,66730,NA,NA
"868"," TX","Smith County",48423,53,232751,"22.8","23.1"
"869"," TX","Tarrant County",48439,264,2102515,"12.6","12.7"
"870"," TX","Taylor County",48441,23,138034,"16.7","16.6"
"871"," TX","Tom Green County",48451,23,119200,"19.3","19.5"
"872"," TX","Travis County",48453,166,1273954,"13","12.6"
"873"," TX","Victoria County",48469,17,92084,NA,NA
"874"," TX","Webb County",48479,20,276652,"7.2","7.6"
"875"," TX","Wharton County",48481,10,41556,NA,NA
"876"," TX","Wichita County",48485,19,132230,NA,NA
"877"," TX","Williamson County",48491,85,590551,"14.4","14.5"
"878"," TX","Wise County",48497,13,69984,NA,NA
"879"," UT","Box Elder County",49003,16,56046,NA,NA
"880"," UT","Cache County",49005,24,128289,"18.7","20.5"
"881"," UT","Davis County",49011,62,355481,"17.4","18.6"
"882"," UT","Salt Lake County",49035,258,1160437,"22.2","22.2"
"883"," UT","Sevier County",49041,10,21620,NA,NA
"884"," UT","Tooele County",49045,13,72259,NA,NA
"885"," UT","Uintah County",49047,12,35734,NA,NA
"886"," UT","Utah County",49049,105,636235,"16.5","17.3"
"887"," UT","Washington County",49053,32,177556,"18","19.6"
"888"," UT","Weber County",49057,55,260213,"21.1","22"
"889"," VT","Chittenden County",50007,16,163774,NA,NA
"890"," VT","Franklin County",50011,14,49402,NA,NA
"891"," VT","Orange County",50017,10,28892,NA,NA
"892"," VT","Rutland County",50021,11,58191,NA,NA
"893"," VT","Windsor County",50027,11,55062,NA,NA
"894"," VA","Albemarle County",51003,14,109330,NA,NA
"895"," VA","Arlington County",51013,13,236842,NA,NA
"896"," VA","Augusta County",51015,15,75558,NA,NA
"897"," VA","Bedford County",51019,15,78997,NA,NA
"898"," VA","Chesterfield County",51041,48,352802,"13.6","13.1"
"899"," VA","Culpeper County",51047,10,52605,NA,NA
"900"," VA","Fairfax County",51059,92,1147532,"8","7.8"
"901"," VA","Frederick County",51069,18,89313,NA,NA
"902"," VA","Hanover County",51085,23,107766,"21.3","19.1"
"903"," VA","Henrico County",51087,36,330818,"10.9","9.9"
"904"," VA","Henry County",51089,12,50557,NA,NA
"905"," VA","Loudoun County",51107,34,413538,"8.2","9"
"906"," VA","Louisa County",51109,12,37591,NA,NA
"907"," VA","Montgomery County",51121,16,98535,NA,NA
"908"," VA","Pittsylvania County",51143,13,60354,NA,NA
"909"," VA","Prince William County",51153,39,470335,"8.3","8.4"
"910"," VA","Rockingham County",51165,14,81948,NA,NA
"911"," VA","Scott County",51169,10,21566,NA,NA
"912"," VA","Spotsylvania County",51177,18,136215,NA,NA
"913"," VA","Stafford County",51179,12,152882,NA,NA
"914"," VA","Tazewell County",51185,10,40595,NA,NA
"915"," VA","Warren County",51187,15,40164,NA,NA
"916"," VA","Alexandria city",51510,14,159428,NA,NA
"917"," VA","Chesapeake city",51550,43,244835,"17.6","17.4"
"918"," VA","Hampton city",51650,21,134510,"15.6","15.2"
"919"," VA","Hopewell city",51670,11,22529,NA,NA
"920"," VA","Newport News city",51700,25,179225,"13.9","13.4"
"921"," VA","Norfolk city",51710,33,242742,"13.6","13"
"922"," VA","Portsmouth city",51740,12,94398,NA,NA
"923"," VA","Richmond city",51760,28,230436,"12.2","12.6"
"924"," VA","Roanoke city",51770,18,99143,NA,NA
"925"," VA","Suffolk city",51800,11,92108,NA,NA
"926"," VA","Virginia Beach city",51810,57,449974,"12.7","12.3"
"927"," WA","Benton County",53005,35,204390,"17.1","17.9"
"928"," WA","Chelan County",53007,20,77200,"25.9","27.4"
"929"," WA","Clallam County",53009,17,77331,NA,NA
"930"," WA","Clark County",53011,88,488241,"18","17.3"
"931"," WA","Cowlitz County",53015,24,110593,"21.7","22"
"932"," WA","Grant County",53025,16,97733,NA,NA
"933"," WA","Grays Harbor County",53027,13,75061,NA,NA
"934"," WA","Island County",53029,15,85141,NA,NA
"935"," WA","Jefferson County",53031,12,32221,NA,NA
"936"," WA","King County",53033,319,2252782,"14.2","13.5"
"937"," WA","Kitsap County",53035,59,271473,"21.7","21.1"
"938"," WA","Lewis County",53041,18,80707,NA,NA
"939"," WA","Mason County",53045,11,66768,NA,NA
"940"," WA","Pierce County",53053,182,904980,"20.1","19.5"
"941"," WA","Skagit County",53057,20,129205,"15.5","15.5"
"942"," WA","Snohomish County",53061,111,822083,"13.5","12.9"
"943"," WA","Spokane County",53063,91,522798,"17.4","16.8"
"944"," WA","Thurston County",53067,46,290536,"15.8","14.4"
"945"," WA","Walla Walla County",53071,14,60760,NA,NA
"946"," WA","Whatcom County",53073,51,229247,"22.2","21.8"
"947"," WA","Yakima County",53077,29,250873,"11.6","12"
"948"," WV","Berkeley County",54003,24,119171,"20.1","19.3"
"949"," WV","Cabell County",54011,13,91945,NA,NA
"950"," WV","Harrison County",54033,17,67256,NA,NA
"951"," WV","Kanawha County",54039,30,178124,"16.8","15.4"
"952"," WV","Marshall County",54051,10,30531,NA,NA
"953"," WV","Monongalia County",54061,10,105612,NA,NA
"954"," WV","Nicholas County",54067,10,24496,NA,NA
"955"," WV","Ohio County",54069,11,41411,NA,NA
"956"," WV","Raleigh County",54081,23,73361,"31.4","30.4"
"957"," WV","Randolph County",54083,11,28695,NA,NA
"958"," WV","Wood County",54107,14,83518,NA,NA
"959"," WI","Brown County",55009,40,264542,"15.1","14.4"
"960"," WI","Chippewa County",55017,12,64658,NA,NA
"961"," WI","Columbia County",55021,11,57532,NA,NA
"962"," WI","Dane County",55025,54,546695,"9.9","9.3"
"963"," WI","Dodge County",55027,16,87839,NA,NA
"964"," WI","Eau Claire County",55035,22,104646,"21","21.4"
"965"," WI","Fond du Lac County",55039,22,103403,"21.3","21"
"966"," WI","Jefferson County",55055,13,84769,NA,NA
"967"," WI","Kenosha County",55059,28,169561,"16.5","15.3"
"968"," WI","La Crosse County",55063,17,118016,NA,NA
"969"," WI","Lincoln County",55069,10,27593,NA,NA
"970"," WI","Manitowoc County",55071,20,78981,"25.3","24.6"
"971"," WI","Marathon County",55073,25,135692,"18.4","18.4"
"972"," WI","Milwaukee County",55079,108,945726,"11.4","11.3"
"973"," WI","Oneida County",55085,11,35595,NA,NA
"974"," WI","Outagamie County",55087,25,187885,"13.3","12.7"
"975"," WI","Ozaukee County",55089,11,89221,NA,NA
"976"," WI","Racine County",55101,31,196311,"15.8","15.3"
"977"," WI","Rock County",55105,20,163354,"12.2","14.5"
"978"," WI","Sauk County",55111,10,64442,NA,NA
"979"," WI","Sheboygan County",55117,16,115340,NA,NA
"980"," WI","Walworth County",55127,15,103868,NA,NA
"981"," WI","Washington County",55131,25,136034,"18.4","18.1"
"982"," WI","Waukesha County",55133,46,404198,"11.4","10.6"
"983"," WI","Waupaca County",55135,11,50990,NA,NA
"984"," WI","Winnebago County",55139,25,171907,"14.5","13.8"
"985"," WI","Wood County",55141,12,72999,NA,NA
"986"," WY","Fremont County",56013,15,39261,NA,NA
"987"," WY","Laramie County",56021,29,99500,"29.1","28.2"
"988"," WY","Lincoln County",56023,10,19830,NA,NA
"989"," WY","Natrona County",56025,29,79858,"36.3","40.5"
"990"," WY","Park County",56029,10,29194,NA,NA
"991"," WY","Sweetwater County",56037,19,42343,NA,NA
