Notes,County,County Code,Deaths,Population,Crude Rate,Age Adjusted Rate
,"Baldwin County, AL",1003,39,223234,17.5,18
,"Blount County, AL",1009,16,57826,Unreliable,Unreliable
,"Calhoun County, AL",1015,19,113605,Unreliable,Unreliable
,"Colbert County, AL",1033,13,55241,Unreliable,Unreliable
,"Cullman County, AL",1043,17,83768,Unreliable,Unreliable
,"DeKalb County, AL",1049,25,71513,35,35.5
,"Elmore County, AL",1051,17,81209,Unreliable,Unreliable
,"Etowah County, AL",1055,22,102268,21.5,22.1
,"Houston County, AL",1069,20,105882,18.9,18.5
,"Jefferson County, AL",1073,103,658573,15.6,15.8
,"Lauderdale County, AL",1077,12,92729,Unreliable,Unreliable
,"Lee County, AL",1081,24,164542,14.6,13.9
,"Madison County, AL",1089,69,372909,18.5,18.2
,"Marshall County, AL",1095,11,96774,Unreliable,Unreliable
,"Mobile County, AL",1097,64,413210,15.5,15
,"Montgomery County, AL",1101,26,226486,11.5,11.6
,"Morgan County, AL",1103,28,119679,23.4,24
,"Russell County, AL",1113,10,57961,Unreliable,Unreliable
,"St. Clair County, AL",1115,15,89512,Unreliable,Unreliable
,"Shelby County, AL",1117,23,217702,10.6,9.9
,"Talladega County, AL",1121,15,79978,Unreliable,Unreliable
,"Tuscaloosa County, AL",1125,27,209355,12.9,12.5
,"Walker County, AL",1127,15,63521,Unreliable,Unreliable
,"Anchorage Borough, AK",2020,67,288000,23.3,23.4
,"Bethel Census Area, AK",2050,15,18386,Unreliable,Unreliable
,"Fairbanks North Star Borough, AK",2090,35,96849,36.1,35.4
,"Kenai Peninsula Borough, AK",2122,12,58708,Unreliable,Unreliable
,"Matanuska-Susitna Borough, AK",2170,26,108317,24,22
,"Wade Hampton Census Area, AK",2270,10,8314,Unreliable,Unreliable
,"Apache County, AZ",4001,15,71887,Unreliable,Unreliable
,"Cochise County, AZ",4003,36,125922,28.6,27.6
,"Coconino County, AZ",4005,43,143476,30,29.7
,"Gila County, AZ",4007,22,54018,40.7,46.2
,"Maricopa County, AZ",4013,732,4485414,16.3,15.7
,"Mohave County, AZ",4015,72,212181,33.9,30
,"Navajo County, AZ",4017,31,110924,27.9,29.8
,"Pima County, AZ",4019,247,1047279,23.6,22.7
,"Pinal County, AZ",4021,73,462789,15.8,15.7
,"Yavapai County, AZ",4025,98,235099,41.7,31.5
,"Yuma County, AZ",4027,31,213787,14.5,14.9
,"Baxter County, AR",5005,14,41932,Unreliable,Unreliable
,"Benton County, AR",5007,39,279141,14,14
,"Boone County, AR",5009,12,37432,Unreliable,Unreliable
,"Craighead County, AR",5031,15,110332,Unreliable,Unreliable
,"Crawford County, AR",5033,10,63257,Unreliable,Unreliable
,"Crittenden County, AR",5035,12,47955,Unreliable,Unreliable
,"Faulkner County, AR",5045,18,126007,Unreliable,Unreliable
,"Garland County, AR",5051,32,99386,32.2,31.3
,"Greene County, AR",5055,11,45325,Unreliable,Unreliable
,"Independence County, AR",5063,10,37825,Unreliable,Unreliable
,"Pope County, AR",5115,10,64072,Unreliable,Unreliable
,"Pulaski County, AR",5119,64,391911,16.3,16.1
,"Saline County, AR",5125,31,122437,25.3,23.6
,"Sebastian County, AR",5131,15,127827,Unreliable,Unreliable
,"Washington County, AR",5143,35,239187,14.6,15.1
,"White County, AR",5145,12,78753,Unreliable,Unreliable
,"Alameda County, CA",6001,160,1671329,9.6,9
,"Amador County, CA",6005,14,39752,Unreliable,Unreliable
,"Butte County, CA",6007,44,219186,20.1,19.9
,"Contra Costa County, CA",6013,115,1153526,10,9.4
,"El Dorado County, CA",6017,42,192843,21.8,21.4
,"Fresno County, CA",6019,103,999101,10.3,10.5
,"Humboldt County, CA",6023,30,135558,22.1,19.6
,"Imperial County, CA",6025,11,181215,Unreliable,Unreliable
,"Kern County, CA",6029,127,900202,14.1,15
,"Kings County, CA",6031,26,152940,17,17.5
,"Lake County, CA",6033,17,64386,Unreliable,Unreliable
,"Los Angeles County, CA",6037,863,10039107,8.6,8.1
,"Madera County, CA",6039,18,157327,Unreliable,Unreliable
,"Marin County, CA",6041,47,258826,18.2,16.6
,"Mendocino County, CA",6045,21,86749,24.2,21.6
,"Merced County, CA",6047,28,277680,10.1,11.1
,"Monterey County, CA",6053,42,434061,9.7,9.4
,"Napa County, CA",6055,19,137744,Unreliable,Unreliable
,"Nevada County, CA",6057,20,99755,20,16.9
,"Orange County, CA",6059,345,3175692,10.9,10
,"Placer County, CA",6061,59,398329,14.8,12.5
,"Riverside County, CA",6065,320,2470546,13,12.6
,"Sacramento County, CA",6067,207,1552058,13.3,13.1
,"San Bernardino County, CA",6071,236,2180085,10.8,10.7
,"San Diego County, CA",6073,426,3338330,12.8,12.2
,"San Francisco County, CA",6075,90,881549,10.2,9
,"San Joaquin County, CA",6077,82,762148,10.8,10.8
,"San Luis Obispo County, CA",6079,47,283111,16.6,15.5
,"San Mateo County, CA",6081,62,766573,8.1,7.5
,"Santa Barbara County, CA",6083,61,446499,13.7,13.2
,"Santa Clara County, CA",6085,172,1927852,8.9,8.4
,"Santa Cruz County, CA",6087,44,273213,16.1,14
,"Shasta County, CA",6089,52,180080,28.9,28.1
,"Siskiyou County, CA",6093,12,43539,Unreliable,Unreliable
,"Solano County, CA",6095,60,447643,13.4,12.8
,"Sonoma County, CA",6097,83,494336,16.8,14.9
,"Stanislaus County, CA",6099,74,550660,13.4,13.4
,"Sutter County, CA",6101,12,96971,Unreliable,Unreliable
,"Tehama County, CA",6103,11,65084,Unreliable,Unreliable
,"Tulare County, CA",6107,29,466195,6.2,6.7
,"Tuolumne County, CA",6109,11,54478,Unreliable,Unreliable
,"Ventura County, CA",6111,95,846006,11.2,10.2
,"Yolo County, CA",6113,24,220500,10.9,11.2
,"Yuba County, CA",6115,17,78668,Unreliable,Unreliable
,"Adams County, CO",8001,102,517421,19.7,20.4
,"Arapahoe County, CO",8005,122,656590,18.6,18
,"Boulder County, CO",8013,55,326196,16.9,15.8
,"Broomfield County, CO",8014,13,70465,Unreliable,Unreliable
,"Chaffee County, CO",8015,11,20356,Unreliable,Unreliable
,"Denver County, CO",8031,159,727211,21.9,20.9
,"Douglas County, CO",8035,56,351154,15.9,15.7
,"Eagle County, CO",8037,10,55127,Unreliable,Unreliable
,"El Paso County, CO",8041,206,720403,28.6,28.2
,"Fremont County, CO",8043,23,47839,48.1,44.7
,"Garfield County, CO",8045,20,60061,33.3,32.6
,"Jefferson County, CO",8059,112,582881,19.2,17.7
,"La Plata County, CO",8067,11,56221,Unreliable,Unreliable
,"Larimer County, CO",8069,81,356899,22.7,22.6
,"Mesa County, CO",8077,46,154210,29.8,31.3
,"Montrose County, CO",8085,16,42758,Unreliable,Unreliable
,"Park County, CO",8093,15,18845,Unreliable,Unreliable
,"Pueblo County, CO",8101,50,168424,29.7,30.3
,"Weld County, CO",8123,71,324492,21.9,22
,"Fairfield County, CT",9001,90,943332,9.5,9.1
,"Hartford County, CT",9003,108,891720,12.1,11.4
,"Litchfield County, CT",9005,24,180333,13.3,12.9
,"Middlesex County, CT",9007,31,162436,19.1,15.5
,"New Haven County, CT",9009,95,854757,11.1,10.1
,"New London County, CT",9011,44,265206,16.6,17
,"Tolland County, CT",9013,25,150721,16.6,14.5
,"Windham County, CT",9015,18,116782,Unreliable,Unreliable
,"Kent County, DE",10001,23,180786,12.7,14
,"New Castle County, DE",10003,63,558753,11.3,10.5
,"Sussex County, DE",10005,25,234225,10.7,10.5
,"District of Columbia, DC",11001,44,705749,6.2,6.2
,"Alachua County, FL",12001,31,269043,11.5,11.7
,"Bay County, FL",12005,35,174705,20,18.3
,"Brevard County, FL",12009,139,601942,23.1,19.6
,"Broward County, FL",12011,241,1952778,12.3,11.1
,"Charlotte County, FL",12015,50,188910,26.5,23.5
,"Citrus County, FL",12017,46,149657,30.7,25.9
,"Clay County, FL",12019,43,219252,19.6,18
,"Collier County, FL",12021,48,384902,12.5,12.1
,"Columbia County, FL",12023,20,71686,27.9,28.1
,"Duval County, FL",12031,177,957755,18.5,17.7
,"Escambia County, FL",12033,53,318316,16.7,15.5
,"Flagler County, FL",12035,25,115081,21.7,18.7
,"Gadsden County, FL",12039,13,45660,Unreliable,Unreliable
,"Hernando County, FL",12053,43,193920,22.2,19.5
,"Highlands County, FL",12055,28,106221,26.4,23.3
,"Hillsborough County, FL",12057,220,1471968,14.9,14
,"Indian River County, FL",12061,29,159923,18.1,16.1
,"Lake County, FL",12069,78,367118,21.2,19.3
,"Lee County, FL",12071,124,770577,16.1,14.1
,"Leon County, FL",12073,33,293582,11.2,11.2
,"Manatee County, FL",12081,76,403253,18.8,16.7
,"Marion County, FL",12083,78,365579,21.3,18.2
,"Martin County, FL",12085,32,161000,19.9,15.7
,"Miami-Dade County, FL",12086,278,2716940,10.2,9.2
,"Monroe County, FL",12087,22,74228,29.6,24.6
,"Nassau County, FL",12089,17,88625,Unreliable,Unreliable
,"Okaloosa County, FL",12091,37,210738,17.6,17.5
,"Orange County, FL",12095,139,1393452,10,9.5
,"Osceola County, FL",12097,52,375751,13.8,13.4
,"Palm Beach County, FL",12099,235,1496770,15.7,13.9
,"Pasco County, FL",12101,121,553947,21.8,20.1
,"Pinellas County, FL",12103,189,974996,19.4,16.8
,"Polk County, FL",12105,135,724777,18.6,17.1
,"Putnam County, FL",12107,12,74521,Unreliable,Unreliable
,"St. Johns County, FL",12109,52,264672,19.6,16.9
,"St. Lucie County, FL",12111,47,328297,14.3,12.7
,"Santa Rosa County, FL",12113,35,184313,19,18.3
,"Sarasota County, FL",12115,87,433742,20.1,19.1
,"Seminole County, FL",12117,55,471826,11.7,10.8
,"Sumter County, FL",12119,36,132420,27.2,25.5
,"Suwannee County, FL",12121,12,44417,Unreliable,Unreliable
,"Volusia County, FL",12127,128,553284,23.1,20.6
,"Walton County, FL",12131,14,74071,Unreliable,Unreliable
,"Barrow County, GA",13013,20,83240,24,23.6
,"Bartow County, GA",13015,28,107738,26,25.7
,"Bibb County, GA",13021,21,153159,13.7,13.4
,"Carroll County, GA",13045,17,119992,Unreliable,Unreliable
,"Catoosa County, GA",13047,16,67580,Unreliable,Unreliable
,"Chatham County, GA",13051,64,289430,22.1,21.6
,"Cherokee County, GA",13057,43,258773,16.6,16.1
,"Clarke County, GA",13059,13,128331,Unreliable,Unreliable
,"Clayton County, GA",13063,26,292256,8.9,9
,"Cobb County, GA",13067,91,760141,12,11.8
,"Columbia County, GA",13073,17,156714,Unreliable,Unreliable
,"Coweta County, GA",13077,29,148509,19.5,18.5
,"DeKalb County, GA",13089,94,759297,12.4,12.1
,"Dougherty County, GA",13095,11,87956,Unreliable,Unreliable
,"Douglas County, GA",13097,26,146343,17.8,18.4
,"Fayette County, GA",13113,17,114421,Unreliable,Unreliable
,"Floyd County, GA",13115,25,98498,25.4,25.4
,"Forsyth County, GA",13117,26,244252,10.6,10.3
,"Fulton County, GA",13121,117,1063937,11,10.7
,"Gilmer County, GA",13123,12,31369,Unreliable,Unreliable
,"Glynn County, GA",13127,18,85292,Unreliable,Unreliable
,"Gwinnett County, GA",13135,114,936250,12.2,12.3
,"Habersham County, GA",13137,12,45328,Unreliable,Unreliable
,"Hall County, GA",13139,35,204441,17.1,17.6
,"Henry County, GA",13151,36,234561,15.3,15.3
,"Houston County, GA",13153,25,157863,15.8,15.7
,"Jackson County, GA",13157,15,72977,Unreliable,Unreliable
,"Laurens County, GA",13175,11,47546,Unreliable,Unreliable
,"Lee County, GA",13177,10,29992,Unreliable,Unreliable
,"Liberty County, GA",13179,15,61435,Unreliable,Unreliable
,"Lowndes County, GA",13185,16,117406,Unreliable,Unreliable
,"Lumpkin County, GA",13187,10,33610,Unreliable,Unreliable
,"Monroe County, GA",13207,12,27578,Unreliable,Unreliable
,"Muscogee County, GA",13215,24,195769,12.3,11.6
,"Newton County, GA",13217,25,111744,22.4,21.2
,"Paulding County, GA",13223,26,168667,15.4,15.4
,"Pickens County, GA",13227,11,32591,Unreliable,Unreliable
,"Polk County, GA",13233,11,42613,Unreliable,Unreliable
,"Richmond County, GA",13245,23,202518,11.4,11.3
,"Rockdale County, GA",13247,10,90896,Unreliable,Unreliable
,"Spalding County, GA",13255,17,66703,Unreliable,Unreliable
,"Union County, GA",13291,10,24511,Unreliable,Unreliable
,"Walton County, GA",13297,21,94593,22.2,22
,"Whitfield County, GA",13313,19,104628,Unreliable,Unreliable
,"Hawaii County, HI",15001,50,201513,24.8,25.7
,"Honolulu County, HI",15003,127,974563,13,12.6
,"Kauai County, HI",15007,13,72293,Unreliable,Unreliable
,"Maui County, HI",15009,34,167417,20.3,20.7
,"Ada County, ID",16001,84,481587,17.4,16.7
,"Bannock County, ID",16005,26,87808,29.6,29.8
,"Bingham County, ID",16011,12,46811,Unreliable,Unreliable
,"Bonner County, ID",16017,16,45739,Unreliable,Unreliable
,"Bonneville County, ID",16019,25,119062,21,22.2
,"Canyon County, ID",16027,45,229849,19.6,19.7
,"Kootenai County, ID",16055,39,165697,23.5,24.1
,"Nez Perce County, ID",16069,11,40408,Unreliable,Unreliable
,"Twin Falls County, ID",16083,22,86878,25.3,24.8
,"Adams County, IL",17001,14,65435,Unreliable,Unreliable
,"Champaign County, IL",17019,30,209689,14.3,15
,"Christian County, IL",17021,11,32304,Unreliable,Unreliable
,"Cook County, IL",17031,477,5150233,9.3,8.7
,"DeKalb County, IL",17037,16,104897,Unreliable,Unreliable
,"DuPage County, IL",17043,85,922921,9.2,9
,"Franklin County, IL",17055,11,38469,Unreliable,Unreliable
,"Grundy County, IL",17063,11,51054,Unreliable,Unreliable
,"Kane County, IL",17089,52,532403,9.8,9.9
,"Kankakee County, IL",17091,16,109862,Unreliable,Unreliable
,"Kendall County, IL",17093,13,128990,Unreliable,Unreliable
,"Lake County, IL",17097,67,696535,9.6,8.8
,"LaSalle County, IL",17099,18,108669,Unreliable,Unreliable
,"McHenry County, IL",17111,31,307774,10.1,9.4
,"McLean County, IL",17113,18,171517,Unreliable,Unreliable
,"Macon County, IL",17115,20,104009,19.2,16.9
,"Madison County, IL",17119,37,262966,14.1,13.2
,"Ogle County, IL",17141,10,50643,Unreliable,Unreliable
,"Peoria County, IL",17143,26,179179,14.5,15.4
,"Rock Island County, IL",17161,26,141879,18.3,18.8
,"St. Clair County, IL",17163,23,259686,8.9,8.8
,"Sangamon County, IL",17167,32,194672,16.4,16.9
,"Tazewell County, IL",17179,14,131803,Unreliable,Unreliable
,"Vermilion County, IL",17183,19,75758,Unreliable,Unreliable
,"Will County, IL",17197,69,690743,10,9.5
,"Williamson County, IL",17199,14,66597,Unreliable,Unreliable
,"Winnebago County, IL",17201,42,282572,14.9,14.6
,"Allen County, IN",18003,41,379299,10.8,11.4
,"Bartholomew County, IN",18005,15,83779,Unreliable,Unreliable
,"Boone County, IN",18011,13,67843,Unreliable,Unreliable
,"Clark County, IN",18019,19,118302,Unreliable,Unreliable
,"Clinton County, IN",18023,10,32399,Unreliable,Unreliable
,"Delaware County, IN",18035,25,114135,21.9,21.2
,"Elkhart County, IN",18039,30,206341,14.5,14.2
,"Floyd County, IN",18043,13,78522,Unreliable,Unreliable
,"Hamilton County, IN",18057,40,338011,11.8,12.3
,"Hancock County, IN",18059,13,78168,Unreliable,Unreliable
,"Hendricks County, IN",18063,18,170311,Unreliable,Unreliable
,"Henry County, IN",18065,10,47972,Unreliable,Unreliable
,"Howard County, IN",18067,12,82544,Unreliable,Unreliable
,"Johnson County, IN",18081,24,158167,15.2,14.7
,"Lake County, IN",18089,50,485493,10.3,10
,"La Porte County, IN",18091,21,109888,19.1,16.7
,"Madison County, IN",18095,29,129569,22.4,22.7
,"Marion County, IN",18097,125,964582,13,13
,"Monroe County, IN",18105,19,148431,Unreliable,Unreliable
,"Morgan County, IN",18109,17,70489,Unreliable,Unreliable
,"Porter County, IN",18127,26,170389,15.3,13.8
,"St. Joseph County, IN",18141,45,271826,16.6,16.6
,"Tippecanoe County, IN",18157,26,195732,13.3,11.9
,"Vanderburgh County, IN",18163,35,181451,19.3,19.7
,"Vigo County, IN",18167,14,107038,Unreliable,Unreliable
,"Warrick County, IN",18173,10,62998,Unreliable,Unreliable
,"Wayne County, IN",18177,12,65884,Unreliable,Unreliable
,"Black Hawk County, IA",19013,22,131228,16.8,18.3
,"Cerro Gordo County, IA",19033,12,42450,Unreliable,Unreliable
,"Dallas County, IA",19049,12,93453,Unreliable,Unreliable
,"Dubuque County, IA",19061,16,97311,Unreliable,Unreliable
,"Johnson County, IA",19103,10,151140,Unreliable,Unreliable
,"Lee County, IA",19111,12,33657,Unreliable,Unreliable
,"Linn County, IA",19113,45,226706,19.8,19.9
,"Polk County, IA",19153,95,490161,19.4,19
,"Pottawattamie County, IA",19155,23,93206,24.7,23.6
,"Scott County, IA",19163,28,172943,16.2,16.5
,"Story County, IA",19169,14,97117,Unreliable,Unreliable
,"Wapello County, IA",19179,14,34969,Unreliable,Unreliable
,"Woodbury County, IA",19193,14,103107,Unreliable,Unreliable
,"Crawford County, KS",20037,10,38818,Unreliable,Unreliable
,"Douglas County, KS",20045,14,122259,Unreliable,Unreliable
,"Johnson County, KS",20091,89,602401,14.8,14.4
,"Leavenworth County, KS",20103,10,81758,Unreliable,Unreliable
,"Reno County, KS",20155,18,61998,Unreliable,Unreliable
,"Saline County, KS",20169,11,54224,Unreliable,Unreliable
,"Sedgwick County, KS",20173,98,516042,19,19.7
,"Shawnee County, KS",20177,35,176875,19.8,20.7
,"Wyandotte County, KS",20209,23,165429,13.9,14.4
,"Barren County, KY",21009,10,44249,Unreliable,Unreliable
,"Boone County, KY",21015,17,133581,Unreliable,Unreliable
,"Bullitt County, KY",21029,14,81676,Unreliable,Unreliable
,"Calloway County, KY",21035,13,39001,Unreliable,Unreliable
,"Campbell County, KY",21037,13,93584,Unreliable,Unreliable
,"Daviess County, KY",21059,12,101511,Unreliable,Unreliable
,"Fayette County, KY",21067,36,323152,11.1,10.2
,"Hardin County, KY",21093,24,110958,21.6,23
,"Hopkins County, KY",21107,13,44686,Unreliable,Unreliable
,"Jefferson County, KY",21111,126,766757,16.4,16.3
,"Kenton County, KY",21117,32,166998,19.2,18.6
,"McCracken County, KY",21145,14,65418,Unreliable,Unreliable
,"Madison County, KY",21151,12,92987,Unreliable,Unreliable
,"Pulaski County, KY",21199,14,64979,Unreliable,Unreliable
,"Warren County, KY",21227,23,132896,17.3,16.8
,"Acadia Parish, LA",22001,11,62045,Unreliable,Unreliable
,"Ascension Parish, LA",22005,14,126604,Unreliable,Unreliable
,"Bossier Parish, LA",22015,18,127039,Unreliable,Unreliable
,"Caddo Parish, LA",22017,33,240204,13.7,12.9
,"Calcasieu Parish, LA",22019,48,203436,23.6,23.9
,"East Baton Rouge Parish, LA",22033,66,440059,15,15.4
,"Jefferson Parish, LA",22051,65,432493,15,14.4
,"Lafayette Parish, LA",22055,35,244390,14.3,13.7
,"Lafourche Parish, LA",22057,16,97614,Unreliable,Unreliable
,"Livingston Parish, LA",22063,21,140789,14.9,14.3
,"Orleans Parish, LA",22071,41,390144,10.5,10.1
,"Ouachita Parish, LA",22073,23,153279,15,14.7
,"Plaquemines Parish, LA",22075,10,23197,Unreliable,Unreliable
,"Rapides Parish, LA",22079,23,129648,17.7,18.1
,"St. Landry Parish, LA",22097,14,82124,Unreliable,Unreliable
,"St. Martin Parish, LA",22099,11,53431,Unreliable,Unreliable
,"St. Tammany Parish, LA",22103,49,260419,18.8,19
,"Tangipahoa Parish, LA",22105,14,134758,Unreliable,Unreliable
,"Terrebonne Parish, LA",22109,15,110461,Unreliable,Unreliable
,"Vermilion Parish, LA",22113,10,59511,Unreliable,Unreliable
,"Androscoggin County, ME",23001,25,108277,23.1,22.4
,"Cumberland County, ME",23005,42,295003,14.2,12.7
,"Hancock County, ME",23009,15,54987,Unreliable,Unreliable
,"Kennebec County, ME",23011,17,122302,Unreliable,Unreliable
,"Knox County, ME",23013,11,39772,Unreliable,Unreliable
,"Lincoln County, ME",23015,10,34634,Unreliable,Unreliable
,"Oxford County, ME",23017,18,57975,Unreliable,Unreliable
,"Penobscot County, ME",23019,20,152148,13.1,11.2
,"Somerset County, ME",23025,20,50484,39.6,32
,"York County, ME",23031,56,207641,27,26.5
,"Allegany County, MD",24001,10,70416,Unreliable,Unreliable
,"Anne Arundel County, MD",24003,74,579234,12.8,12
,"Baltimore County, MD",24005,102,827370,12.3,11.5
,"Calvert County, MD",24009,11,92525,Unreliable,Unreliable
,"Carroll County, MD",24013,19,168447,Unreliable,Unreliable
,"Cecil County, MD",24015,25,102855,24.3,23.6
,"Charles County, MD",24017,16,163257,Unreliable,Unreliable
,"Frederick County, MD",24021,34,259547,13.1,12.5
,"Harford County, MD",24025,28,255441,11,10.4
,"Howard County, MD",24027,39,325690,12,11.8
,"Montgomery County, MD",24031,82,1050688,7.8,7.4
,"Prince George's County, MD",24033,65,909327,7.1,6.9
,"St. Mary's County, MD",24037,13,113510,Unreliable,Unreliable
,"Washington County, MD",24043,27,151049,17.9,17.6
,"Wicomico County, MD",24045,13,103609,Unreliable,Unreliable
,"Baltimore city, MD",24510,55,593490,9.3,9.1
,"Barnstable County, MA",25001,23,212990,10.8,10.2
,"Berkshire County, MA",25003,23,124944,18.4,18.7
,"Bristol County, MA",25005,66,565217,11.7,11.7
,"Essex County, MA",25009,75,789034,9.5,8.8
,"Franklin County, MA",25011,15,70180,Unreliable,Unreliable
,"Hampden County, MA",25013,45,466372,9.6,8.8
,"Hampshire County, MA",25015,19,160830,Unreliable,Unreliable
,"Middlesex County, MA",25017,127,1611699,7.9,7.2
,"Norfolk County, MA",25021,56,706775,7.9,6.9
,"Plymouth County, MA",25023,51,521202,9.8,9.5
,"Suffolk County, MA",25025,52,803907,6.5,6.2
,"Worcester County, MA",25027,91,830622,11,10.2
,"Allegan County, MI",26005,16,118081,Unreliable,Unreliable
,"Barry County, MI",26015,10,61550,Unreliable,Unreliable
,"Bay County, MI",26017,19,103126,Unreliable,Unreliable
,"Berrien County, MI",26021,24,153401,15.6,14.9
,"Branch County, MI",26023,11,43517,Unreliable,Unreliable
,"Calhoun County, MI",26025,26,134159,19.4,20.4
,"Cass County, MI",26027,14,51787,Unreliable,Unreliable
,"Clinton County, MI",26037,10,79595,Unreliable,Unreliable
,"Delta County, MI",26041,10,35784,Unreliable,Unreliable
,"Eaton County, MI",26045,18,110268,Unreliable,Unreliable
,"Genesee County, MI",26049,56,405813,13.8,13.2
,"Grand Traverse County, MI",26055,16,93088,Unreliable,Unreliable
,"Hillsdale County, MI",26059,12,45605,Unreliable,Unreliable
,"Ingham County, MI",26065,42,292406,14.4,14
,"Jackson County, MI",26075,38,158510,24,23.6
,"Kalamazoo County, MI",26077,39,265066,14.7,13.8
,"Kent County, MI",26081,75,656955,11.4,11.4
,"Lapeer County, MI",26087,15,87607,Unreliable,Unreliable
,"Lenawee County, MI",26091,13,98451,Unreliable,Unreliable
,"Livingston County, MI",26093,29,191995,15.1,15.6
,"Macomb County, MI",26099,151,873972,17.3,16.3
,"Marquette County, MI",26103,16,66699,Unreliable,Unreliable
,"Midland County, MI",26111,10,83156,Unreliable,Unreliable
,"Monroe County, MI",26115,20,150500,13.3,11.3
,"Montcalm County, MI",26117,16,63888,Unreliable,Unreliable
,"Muskegon County, MI",26121,23,173566,13.3,13.4
,"Oakland County, MI",26125,157,1257584,12.5,11.4
,"Ottawa County, MI",26139,26,291830,8.9,9.2
,"Saginaw County, MI",26145,38,190539,19.9,17.9
,"St. Clair County, MI",26147,40,159128,25.1,25.6
,"St. Joseph County, MI",26149,13,60964,Unreliable,Unreliable
,"Tuscola County, MI",26157,11,52245,Unreliable,Unreliable
,"Van Buren County, MI",26159,12,75677,Unreliable,Unreliable
,"Washtenaw County, MI",26161,50,367601,13.6,13
,"Wayne County, MI",26163,211,1749343,12.1,11.9
,"Anoka County, MN",27003,36,356921,10.1,10.6
,"Becker County, MN",27005,11,34423,Unreliable,Unreliable
,"Beltrami County, MN",27007,16,47188,Unreliable,Unreliable
,"Carver County, MN",27019,13,105089,Unreliable,Unreliable
,"Crow Wing County, MN",27035,13,65055,Unreliable,Unreliable
,"Dakota County, MN",27037,54,429021,12.6,12.5
,"Douglas County, MN",27041,10,38141,Unreliable,Unreliable
,"Hennepin County, MN",27053,165,1265843,13,12.3
,"Mower County, MN",27099,11,40062,Unreliable,Unreliable
,"Olmsted County, MN",27109,22,158293,13.9,13.5
,"Otter Tail County, MN",27111,12,58746,Unreliable,Unreliable
,"Ramsey County, MN",27123,72,550321,13.1,12.1
,"St. Louis County, MN",27137,43,199070,21.6,22.5
,"Scott County, MN",27139,13,149013,Unreliable,Unreliable
,"Sherburne County, MN",27141,16,97238,Unreliable,Unreliable
,"Stearns County, MN",27145,18,161075,Unreliable,Unreliable
,"Washington County, MN",27163,40,262440,15.2,15
,"Wright County, MN",27171,17,138377,Unreliable,Unreliable
,"DeSoto County, MS",28033,24,184945,13,13.2
,"Forrest County, MS",28035,12,74897,Unreliable,Unreliable
,"Harrison County, MS",28047,36,208080,17.3,17.1
,"Hinds County, MS",28049,29,231840,12.5,12.4
,"Jackson County, MS",28059,26,143617,18.1,18.3
,"Jones County, MS",28067,11,68098,Unreliable,Unreliable
,"Madison County, MS",28089,13,106272,Unreliable,Unreliable
,"Marshall County, MS",28093,11,35294,Unreliable,Unreliable
,"Rankin County, MS",28121,21,155271,13.5,13
,"Boone County, MO",29019,30,180463,16.6,17.5
,"Cape Girardeau County, MO",29031,19,78871,Unreliable,Unreliable
,"Cass County, MO",29037,32,105780,30.3,28.7
,"Christian County, MO",29043,22,88595,24.8,25.5
,"Clay County, MO",29047,59,249948,23.6,22.3
,"Cole County, MO",29051,11,76745,Unreliable,Unreliable
,"Franklin County, MO",29071,20,103967,19.2,19.8
,"Greene County, MO",29077,65,293086,22.2,22
,"Howell County, MO",29091,12,40117,Unreliable,Unreliable
,"Jackson County, MO",29095,141,703011,20.1,20.3
,"Jasper County, MO",29097,20,121328,16.5,16.1
,"Jefferson County, MO",29099,55,225081,24.4,24.2
,"Lincoln County, MO",29113,13,59013,Unreliable,Unreliable
,"Newton County, MO",29145,14,58236,Unreliable,Unreliable
,"Phelps County, MO",29161,11,44573,Unreliable,Unreliable
,"Platte County, MO",29165,22,104418,21.1,21.5
,"St. Charles County, MO",29183,55,402022,13.7,13.2
,"St. Francois County, MO",29187,10,67215,Unreliable,Unreliable
,"St. Louis County, MO",29189,142,994205,14.3,13.5
,"St. Louis city, MO",29510,47,300576,15.6,15.2
,"Cascade County, MT",30013,23,81366,28.3,26.4
,"Flathead County, MT",30029,28,103806,27,26.1
,"Gallatin County, MT",30031,26,114434,22.7,22.6
,"Missoula County, MT",30063,22,119600,18.4,16.4
,"Ravalli County, MT",30081,14,43806,Unreliable,Unreliable
,"Silver Bow County, MT",30093,14,34915,Unreliable,Unreliable
,"Yellowstone County, MT",30111,54,161300,33.5,31.2
,"Buffalo County, NE",31019,12,49659,Unreliable,Unreliable
,"Douglas County, NE",31055,97,571327,17,17
,"Lancaster County, NE",31109,39,319090,12.2,12.4
,"Madison County, NE",31119,10,35099,Unreliable,Unreliable
,"Sarpy County, NE",31153,27,187196,14.4,14.7
,"Scotts Bluff County, NE",31157,15,35618,Unreliable,Unreliable
,"Clark County, NV",32003,419,2266715,18.5,17.5
,"Douglas County, NV",32005,22,48905,45,50.4
,"Elko County, NV",32007,22,52778,41.7,44.1
,"Lyon County, NV",32019,16,57510,Unreliable,Unreliable
,"Nye County, NV",32023,18,46523,Unreliable,Unreliable
,"Washoe County, NV",32031,111,471519,23.5,22.3
,"Carson City, NV",32510,17,55916,Unreliable,Unreliable
,"Belknap County, NH",33001,17,61303,Unreliable,Unreliable
,"Carroll County, NH",33003,11,48910,Unreliable,Unreliable
,"Cheshire County, NH",33005,16,76085,Unreliable,Unreliable
,"Grafton County, NH",33009,18,89886,Unreliable,Unreliable
,"Hillsborough County, NH",33011,92,417025,22.1,20.8
,"Merrimack County, NH",33013,30,151391,19.8,18.2
,"Rockingham County, NH",33015,39,309769,12.6,12.1
,"Strafford County, NH",33017,19,130633,Unreliable,Unreliable
,"Atlantic County, NJ",34001,33,263670,12.5,11.8
,"Bergen County, NJ",34003,88,932202,9.4,8.7
,"Burlington County, NJ",34005,48,445349,10.8,9.4
,"Camden County, NJ",34007,55,506471,10.9,9.9
,"Cumberland County, NJ",34011,18,149527,Unreliable,Unreliable
,"Essex County, NJ",34013,58,798975,7.3,7.2
,"Gloucester County, NJ",34015,30,291636,10.3,9.2
,"Hudson County, NJ",34017,40,672391,5.9,5.4
,"Hunterdon County, NJ",34019,18,124371,Unreliable,Unreliable
,"Mercer County, NJ",34021,27,367430,7.3,7.5
,"Middlesex County, NJ",34023,62,825062,7.5,7.4
,"Monmouth County, NJ",34025,54,618795,8.7,8.2
,"Morris County, NJ",34027,35,491845,7.1,6.3
,"Ocean County, NJ",34029,71,607186,11.7,11.7
,"Passaic County, NJ",34031,27,501826,5.4,5.3
,"Somerset County, NJ",34035,25,328934,7.6,7.1
,"Sussex County, NJ",34037,12,140488,Unreliable,Unreliable
,"Union County, NJ",34039,37,556341,6.7,6.5
,"Bernalillo County, NM",35001,160,679121,23.6,22.6
,"Chaves County, NM",35005,13,64615,Unreliable,Unreliable
,"Cibola County, NM",35006,11,26675,Unreliable,Unreliable
,"Dona Ana County, NM",35013,36,218195,16.5,17.1
,"Eddy County, NM",35015,20,58460,34.2,34
,"Lea County, NM",35025,10,71070,Unreliable,Unreliable
,"McKinley County, NM",35031,19,71367,Unreliable,Unreliable
,"Otero County, NM",35035,21,67490,31.1,30
,"Sandoval County, NM",35043,46,146748,31.3,32.3
,"San Juan County, NM",35045,33,123958,26.6,29
,"Santa Fe County, NM",35049,42,150358,27.9,26.9
,"Valencia County, NM",35061,14,76688,Unreliable,Unreliable
,"Albany County, NY",36001,35,305506,11.5,10.9
,"Bronx County, NY",36005,68,1418207,4.8,4.7
,"Broome County, NY",36007,19,190488,Unreliable,Unreliable
,"Cattaraugus County, NY",36009,12,76117,Unreliable,Unreliable
,"Chautauqua County, NY",36013,14,126903,Unreliable,Unreliable
,"Chemung County, NY",36015,11,83456,Unreliable,Unreliable
,"Clinton County, NY",36019,10,80485,Unreliable,Unreliable
,"Columbia County, NY",36021,12,59461,Unreliable,Unreliable
,"Dutchess County, NY",36027,40,294218,13.6,12
,"Erie County, NY",36029,105,918702,11.4,10.9
,"Fulton County, NY",36035,10,53383,Unreliable,Unreliable
,"Greene County, NY",36039,11,47188,Unreliable,Unreliable
,"Jefferson County, NY",36045,24,109834,21.9,22
,"Kings County, NY",36047,152,2559903,5.9,5.8
,"Monroe County, NY",36055,97,741770,13.1,12.7
,"Nassau County, NY",36059,84,1356924,6.2,5.9
,"New York County, NY",36061,131,1628706,8,7.2
,"Niagara County, NY",36063,18,209281,Unreliable,Unreliable
,"Oneida County, NY",36065,34,228671,14.9,15.7
,"Onondaga County, NY",36067,54,460528,11.7,12.1
,"Ontario County, NY",36069,22,109777,20,18
,"Orange County, NY",36071,47,384940,12.2,11.2
,"Oswego County, NY",36075,13,117124,Unreliable,Unreliable
,"Queens County, NY",36081,142,2253858,6.3,5.9
,"Rensselaer County, NY",36083,15,158714,Unreliable,Unreliable
,"Richmond County, NY",36085,33,476143,6.9,6.6
,"Rockland County, NY",36087,21,325789,6.4,6.2
,"St. Lawrence County, NY",36089,14,107740,Unreliable,Unreliable
,"Saratoga County, NY",36091,27,229863,11.7,10.6
,"Schenectady County, NY",36093,12,155299,Unreliable,Unreliable
,"Steuben County, NY",36101,11,95379,Unreliable,Unreliable
,"Suffolk County, NY",36103,136,1476601,9.2,8.5
,"Sullivan County, NY",36105,14,75432,Unreliable,Unreliable
,"Tompkins County, NY",36109,16,102180,Unreliable,Unreliable
,"Ulster County, NY",36111,24,177573,13.5,12.2
,"Wayne County, NY",36117,16,89918,Unreliable,Unreliable
,"Westchester County, NY",36119,62,967506,6.4,6.2
,"Alamance County, NC",37001,22,169509,13,13.3
,"Brunswick County, NC",37019,25,142820,17.5,17.9
,"Buncombe County, NC",37021,55,261191,21.1,20.5
,"Burke County, NC",37023,13,90485,Unreliable,Unreliable
,"Cabarrus County, NC",37025,19,216453,Unreliable,Unreliable
,"Caldwell County, NC",37027,10,82178,Unreliable,Unreliable
,"Carteret County, NC",37031,14,69473,Unreliable,Unreliable
,"Catawba County, NC",37035,26,159551,16.3,16.4
,"Chatham County, NC",37037,11,74470,Unreliable,Unreliable
,"Cleveland County, NC",37045,14,97947,Unreliable,Unreliable
,"Craven County, NC",37049,13,102139,Unreliable,Unreliable
,"Cumberland County, NC",37051,47,335509,14,14
,"Davidson County, NC",37057,26,167609,15.5,15.1
,"Durham County, NC",37063,25,321488,7.8,7.4
,"Forsyth County, NC",37067,40,382295,10.5,9.9
,"Franklin County, NC",37069,12,69685,Unreliable,Unreliable
,"Gaston County, NC",37071,34,224529,15.1,15.6
,"Guilford County, NC",37081,56,537174,10.4,10.1
,"Harnett County, NC",37085,18,135976,Unreliable,Unreliable
,"Haywood County, NC",37087,15,62317,Unreliable,Unreliable
,"Henderson County, NC",37089,26,117417,22.1,20.6
,"Iredell County, NC",37097,24,181806,13.2,12.4
,"Johnston County, NC",37101,24,209339,11.5,11.1
,"Lenoir County, NC",37107,10,55949,Unreliable,Unreliable
,"Lincoln County, NC",37109,19,86111,Unreliable,Unreliable
,"Mecklenburg County, NC",37119,96,1110356,8.6,8.4
,"Moore County, NC",37125,15,100880,Unreliable,Unreliable
,"Nash County, NC",37127,15,94298,Unreliable,Unreliable
,"New Hanover County, NC",37129,46,234473,19.6,18.5
,"Onslow County, NC",37133,36,197938,18.2,18
,"Orange County, NC",37135,20,148476,13.5,13
,"Pender County, NC",37141,17,63060,Unreliable,Unreliable
,"Pitt County, NC",37147,20,180742,11.1,11.6
,"Randolph County, NC",37151,16,143667,Unreliable,Unreliable
,"Robeson County, NC",37155,14,130625,Unreliable,Unreliable
,"Rockingham County, NC",37157,16,91010,Unreliable,Unreliable
,"Rowan County, NC",37159,17,142088,Unreliable,Unreliable
,"Rutherford County, NC",37161,12,67029,Unreliable,Unreliable
,"Surry County, NC",37171,10,71783,Unreliable,Unreliable
,"Union County, NC",37179,25,239859,10.4,10
,"Wake County, NC",37183,109,1111761,9.8,9.7
,"Watauga County, NC",37189,12,56177,Unreliable,Unreliable
,"Wayne County, NC",37191,16,123131,Unreliable,Unreliable
,"Wilkes County, NC",37193,16,68412,Unreliable,Unreliable
,"Burleigh County, ND",38015,12,95626,Unreliable,Unreliable
,"Cass County, ND",38017,34,181923,18.7,18.9
,"Ward County, ND",38101,14,67641,Unreliable,Unreliable
,"Ashtabula County, OH",39007,16,97241,Unreliable,Unreliable
,"Athens County, OH",39009,11,65327,Unreliable,Unreliable
,"Belmont County, OH",39013,10,67006,Unreliable,Unreliable
,"Butler County, OH",39017,53,383134,13.8,14.8
,"Champaign County, OH",39021,10,38885,Unreliable,Unreliable
,"Clark County, OH",39023,26,134083,19.4,19.6
,"Clermont County, OH",39025,43,206428,20.8,19.9
,"Columbiana County, OH",39029,21,101883,20.6,19
,"Coshocton County, OH",39031,10,36600,Unreliable,Unreliable
,"Crawford County, OH",39033,13,41494,Unreliable,Unreliable
,"Cuyahoga County, OH",39035,185,1235072,15,14.7
,"Delaware County, OH",39041,27,209177,12.9,13.3
,"Erie County, OH",39043,14,74266,Unreliable,Unreliable
,"Fairfield County, OH",39045,22,157574,14,13.8
,"Franklin County, OH",39049,153,1316756,11.6,11.4
,"Gallia County, OH",39053,10,29898,Unreliable,Unreliable
,"Geauga County, OH",39055,12,93649,Unreliable,Unreliable
,"Greene County, OH",39057,19,168937,Unreliable,Unreliable
,"Hamilton County, OH",39061,110,817473,13.5,13.6
,"Hancock County, OH",39063,14,75783,Unreliable,Unreliable
,"Huron County, OH",39077,14,58266,Unreliable,Unreliable
,"Jackson County, OH",39079,12,32413,Unreliable,Unreliable
,"Jefferson County, OH",39081,16,65325,Unreliable,Unreliable
,"Knox County, OH",39083,10,62322,Unreliable,Unreliable
,"Lake County, OH",39085,43,230149,18.7,16.8
,"Licking County, OH",39089,31,176862,17.5,18
,"Logan County, OH",39091,10,45672,Unreliable,Unreliable
,"Lorain County, OH",39093,51,309833,16.5,16.3
,"Lucas County, OH",39095,73,428348,17,17.1
,"Mahoning County, OH",39099,37,228683,16.2,14.8
,"Marion County, OH",39101,18,65093,Unreliable,Unreliable
,"Medina County, OH",39103,31,179746,17.2,16.2
,"Miami County, OH",39109,12,106987,Unreliable,Unreliable
,"Montgomery County, OH",39113,91,531687,17.1,16.6
,"Muskingum County, OH",39119,17,86215,Unreliable,Unreliable
,"Ottawa County, OH",39123,11,40525,Unreliable,Unreliable
,"Pickaway County, OH",39129,10,58457,Unreliable,Unreliable
,"Portage County, OH",39133,23,162466,14.2,14
,"Richland County, OH",39139,11,121154,Unreliable,Unreliable
,"Ross County, OH",39141,10,76666,Unreliable,Unreliable
,"Scioto County, OH",39145,13,75314,Unreliable,Unreliable
,"Seneca County, OH",39147,14,55178,Unreliable,Unreliable
,"Stark County, OH",39151,73,370606,19.7,19.8
,"Summit County, OH",39153,90,541013,16.6,16.8
,"Trumbull County, OH",39155,36,197974,18.2,16.8
,"Tuscarawas County, OH",39157,11,91987,Unreliable,Unreliable
,"Warren County, OH",39165,31,234602,13.2,12.6
,"Washington County, OH",39167,11,59911,Unreliable,Unreliable
,"Wayne County, OH",39169,24,115710,20.7,21.1
,"Wood County, OH",39173,11,130817,Unreliable,Unreliable
,"Bryan County, OK",40013,11,47995,Unreliable,Unreliable
,"Caddo County, OK",40015,10,28762,Unreliable,Unreliable
,"Canadian County, OK",40017,26,148306,17.5,17.6
,"Carter County, OK",40019,11,48111,Unreliable,Unreliable
,"Cleveland County, OK",40027,58,284014,20.4,19.3
,"Comanche County, OK",40031,17,120749,Unreliable,Unreliable
,"Creek County, OK",40037,17,71522,Unreliable,Unreliable
,"Custer County, OK",40039,10,29003,Unreliable,Unreliable
,"Garfield County, OK",40047,10,61056,Unreliable,Unreliable
,"Grady County, OK",40051,10,55834,Unreliable,Unreliable
,"Kay County, OK",40071,12,43538,Unreliable,Unreliable
,"McCurtain County, OK",40089,10,32832,Unreliable,Unreliable
,"Muskogee County, OK",40101,13,67997,Unreliable,Unreliable
,"Oklahoma County, OK",40109,174,797434,21.8,21.2
,"Okmulgee County, OK",40111,13,38465,Unreliable,Unreliable
,"Osage County, OK",40113,18,46963,Unreliable,Unreliable
,"Ottawa County, OK",40115,10,31127,Unreliable,Unreliable
,"Payne County, OK",40119,14,81784,Unreliable,Unreliable
,"Pittsburg County, OK",40121,11,43654,Unreliable,Unreliable
,"Pontotoc County, OK",40123,10,38284,Unreliable,Unreliable
,"Pottawatomie County, OK",40125,13,72592,Unreliable,Unreliable
,"Rogers County, OK",40131,16,92459,Unreliable,Unreliable
,"Stephens County, OK",40137,11,43143,Unreliable,Unreliable
,"Tulsa County, OK",40143,111,651552,17,17.5
,"Wagoner County, OK",40145,18,81289,Unreliable,Unreliable
,"Washington County, OK",40147,12,51527,Unreliable,Unreliable
,"Clackamas County, OR",41005,80,418187,19.1,18.4
,"Coos County, OR",41011,24,64487,37.2,29.7
,"Crook County, OR",41013,10,24404,Unreliable,Unreliable
,"Deschutes County, OR",41017,32,197692,16.2,16.1
,"Douglas County, OR",41019,47,110980,42.3,41.9
,"Jackson County, OR",41029,74,220944,33.5,31.6
,"Josephine County, OR",41033,23,87487,26.3,25
,"Klamath County, OR",41035,31,68238,45.4,48.6
,"Lane County, OR",41039,106,382067,27.7,27.1
,"Lincoln County, OR",41041,22,49962,44,44
,"Linn County, OR",41043,30,129749,23.1,22.3
,"Marion County, OR",41047,52,347818,15,14.8
,"Multnomah County, OR",41051,162,812855,19.9,18.5
,"Polk County, OR",41053,16,86085,Unreliable,Unreliable
,"Umatilla County, OR",41059,10,77950,Unreliable,Unreliable
,"Washington County, OR",41067,95,601592,15.8,14.9
,"Yamhill County, OR",41071,17,107100,Unreliable,Unreliable
,"Adams County, PA",42001,10,103009,Unreliable,Unreliable
,"Allegheny County, PA",42003,187,1216045,15.4,14.6
,"Armstrong County, PA",42005,12,64735,Unreliable,Unreliable
,"Beaver County, PA",42007,25,163929,15.3,13.5
,"Bedford County, PA",42009,13,47888,Unreliable,Unreliable
,"Berks County, PA",42011,72,421164,17.1,16.4
,"Blair County, PA",42013,20,121829,16.4,17.7
,"Bradford County, PA",42015,10,60323,Unreliable,Unreliable
,"Bucks County, PA",42017,103,628270,16.4,15.4
,"Butler County, PA",42019,29,187853,15.4,15.7
,"Cambria County, PA",42021,22,130192,16.9,17.2
,"Carbon County, PA",42025,13,64182,Unreliable,Unreliable
,"Centre County, PA",42027,25,162385,15.4,16.2
,"Chester County, PA",42029,60,524989,11.4,10.8
,"Clearfield County, PA",42033,18,79255,Unreliable,Unreliable
,"Clinton County, PA",42035,10,38632,Unreliable,Unreliable
,"Columbia County, PA",42037,20,64964,30.8,25.8
,"Crawford County, PA",42039,15,84629,Unreliable,Unreliable
,"Cumberland County, PA",42041,27,253370,10.7,10.3
,"Dauphin County, PA",42043,35,278299,12.6,12.1
,"Delaware County, PA",42045,85,566747,15,13.8
,"Erie County, PA",42049,47,269728,17.4,15.3
,"Fayette County, PA",42051,23,129274,17.8,16.2
,"Franklin County, PA",42055,24,155027,15.5,14.6
,"Greene County, PA",42059,10,36233,Unreliable,Unreliable
,"Indiana County, PA",42063,10,84073,Unreliable,Unreliable
,"Lackawanna County, PA",42069,33,209674,15.7,14.3
,"Lancaster County, PA",42071,55,545724,10.1,9.4
,"Lawrence County, PA",42073,24,85512,28.1,27.3
,"Lebanon County, PA",42075,19,141793,Unreliable,Unreliable
,"Lehigh County, PA",42077,44,369318,11.9,10.7
,"Luzerne County, PA",42079,64,317417,20.2,17.9
,"Lycoming County, PA",42081,16,113299,Unreliable,Unreliable
,"Mercer County, PA",42085,20,109424,18.3,20.6
,"Monroe County, PA",42089,23,170271,13.5,12.4
,"Montgomery County, PA",42091,112,830915,13.5,12.3
,"Northampton County, PA",42095,37,305285,12.1,10.2
,"Northumberland County, PA",42097,14,90843,Unreliable,Unreliable
,"Philadelphia County, PA",42101,168,1584064,10.6,10.5
,"Pike County, PA",42103,10,55809,Unreliable,Unreliable
,"Schuylkill County, PA",42107,32,141359,22.6,22
,"Somerset County, PA",42111,11,73447,Unreliable,Unreliable
,"Tioga County, PA",42117,11,40591,Unreliable,Unreliable
,"Washington County, PA",42125,38,206865,18.4,17.7
,"Wayne County, PA",42127,16,51361,Unreliable,Unreliable
,"Westmoreland County, PA",42129,55,348899,15.8,14.2
,"York County, PA",42133,73,449058,16.3,15.4
,"Kent County, RI",44003,15,164292,Unreliable,Unreliable
,"Newport County, RI",44005,12,82082,Unreliable,Unreliable
,"Providence County, RI",44007,73,638931,11.4,10.5
,"Washington County, RI",44009,14,125577,Unreliable,Unreliable
,"Aiken County, SC",45003,32,170872,18.7,19.1
,"Anderson County, SC",45007,33,202558,16.3,16.4
,"Beaufort County, SC",45013,26,192122,13.5,13.9
,"Berkeley County, SC",45015,42,227907,18.4,18.1
,"Charleston County, SC",45019,71,411406,17.3,15.8
,"Cherokee County, SC",45021,16,57300,Unreliable,Unreliable
,"Chesterfield County, SC",45025,11,45650,Unreliable,Unreliable
,"Clarendon County, SC",45027,12,33745,Unreliable,Unreliable
,"Darlington County, SC",45031,13,66618,Unreliable,Unreliable
,"Dorchester County, SC",45035,21,162809,12.9,13
,"Florence County, SC",45041,18,138293,Unreliable,Unreliable
,"Georgetown County, SC",45043,10,62680,Unreliable,Unreliable
,"Greenville County, SC",45045,86,523542,16.4,16.2
,"Greenwood County, SC",45047,15,70811,Unreliable,Unreliable
,"Horry County, SC",45051,51,354081,14.4,13.9
,"Kershaw County, SC",45055,18,66551,Unreliable,Unreliable
,"Lancaster County, SC",45057,14,98012,Unreliable,Unreliable
,"Laurens County, SC",45059,14,67493,Unreliable,Unreliable
,"Lexington County, SC",45063,47,298750,15.7,14.3
,"Oconee County, SC",45073,14,79546,Unreliable,Unreliable
,"Pickens County, SC",45077,30,126884,23.6,24
,"Richland County, SC",45079,57,415759,13.7,13.4
,"Spartanburg County, SC",45083,57,319785,17.8,17.1
,"Sumter County, SC",45085,15,106721,Unreliable,Unreliable
,"York County, SC",45091,50,280979,17.8,17.2
,"Minnehaha County, SD",46099,33,193134,17.1,17.5
,"Pennington County, SD",46103,30,113775,26.4,24.3
,"Anderson County, TN",47001,25,76978,32.5,34.4
,"Blount County, TN",47009,18,133088,Unreliable,Unreliable
,"Bradley County, TN",47011,18,108110,Unreliable,Unreliable
,"Campbell County, TN",47013,10,39842,Unreliable,Unreliable
,"Carter County, TN",47019,14,56391,Unreliable,Unreliable
,"Cocke County, TN",47029,11,36004,Unreliable,Unreliable
,"Coffee County, TN",47031,15,56520,Unreliable,Unreliable
,"Cumberland County, TN",47035,12,60520,Unreliable,Unreliable
,"Davidson County, TN",47037,90,694144,13,12.5
,"Dickson County, TN",47043,13,53948,Unreliable,Unreliable
,"Franklin County, TN",47051,12,42208,Unreliable,Unreliable
,"Gibson County, TN",47053,12,49133,Unreliable,Unreliable
,"Greene County, TN",47059,17,69069,Unreliable,Unreliable
,"Hamblen County, TN",47063,14,64934,Unreliable,Unreliable
,"Hamilton County, TN",47065,61,367804,16.6,16.1
,"Hardin County, TN",47071,10,25652,Unreliable,Unreliable
,"Hawkins County, TN",47073,16,56786,Unreliable,Unreliable
,"Henry County, TN",47079,10,32345,Unreliable,Unreliable
,"Jefferson County, TN",47089,20,54495,36.7,34
,"Knox County, TN",47093,81,470313,17.2,16.7
,"Loudon County, TN",47105,10,54068,Unreliable,Unreliable
,"Madison County, TN",47113,10,97984,Unreliable,Unreliable
,"Maury County, TN",47119,16,96387,Unreliable,Unreliable
,"Montgomery County, TN",47125,33,208993,15.8,17.3
,"Putnam County, TN",47141,16,80245,Unreliable,Unreliable
,"Roane County, TN",47145,10,53382,Unreliable,Unreliable
,"Robertson County, TN",47147,17,71813,Unreliable,Unreliable
,"Rutherford County, TN",47149,47,332285,14.1,14.2
,"Sevier County, TN",47155,24,98250,24.4,25.8
,"Shelby County, TN",47157,114,937166,12.2,12.1
,"Sullivan County, TN",47163,38,158348,24,21.8
,"Sumner County, TN",47165,30,191283,15.7,15.4
,"Tipton County, TN",47167,12,61599,Unreliable,Unreliable
,"Washington County, TN",47179,33,129375,25.5,23.4
,"Williamson County, TN",47187,29,238412,12.2,11.6
,"Wilson County, TN",47189,33,144657,22.8,22.9
,"Anderson County, TX",48001,17,57735,Unreliable,Unreliable
,"Angelina County, TX",48005,11,86715,Unreliable,Unreliable
,"Aransas County, TX",48007,10,23510,Unreliable,Unreliable
,"Bastrop County, TX",48021,12,88723,Unreliable,Unreliable
,"Bell County, TX",48027,71,362924,19.6,18.9
,"Bexar County, TX",48029,245,2003554,12.2,12.2
,"Bowie County, TX",48037,19,93245,Unreliable,Unreliable
,"Brazoria County, TX",48039,42,374264,11.2,11
,"Brazos County, TX",48041,22,229211,9.6,9.5
,"Burnet County, TX",48053,10,48155,Unreliable,Unreliable
,"Cameron County, TX",48061,29,423163,6.9,7.2
,"Cherokee County, TX",48073,10,52646,Unreliable,Unreliable
,"Collin County, TX",48085,111,1034730,10.7,10.9
,"Comal County, TX",48091,40,156209,25.6,25.8
,"Coryell County, TX",48099,15,75951,Unreliable,Unreliable
,"Dallas County, TX",48113,286,2635516,10.9,11
,"Denton County, TX",48121,112,887207,12.6,12.2
,"Ector County, TX",48135,21,166223,12.6,13.8
,"Ellis County, TX",48139,30,184826,16.2,16.6
,"El Paso County, TX",48141,100,839238,11.9,12.2
,"Fort Bend County, TX",48157,73,811688,9,8.8
,"Galveston County, TX",48167,53,342139,15.5,14.4
,"Grayson County, TX",48181,29,136212,21.3,21.8
,"Gregg County, TX",48183,22,123945,17.7,18.3
,"Guadalupe County, TX",48187,17,166847,Unreliable,Unreliable
,"Hardin County, TX",48199,14,57602,Unreliable,Unreliable
,"Harris County, TX",48201,507,4713325,10.8,10.7
,"Harrison County, TX",48203,14,66553,Unreliable,Unreliable
,"Hays County, TX",48209,29,230191,12.6,11.2
,"Henderson County, TX",48213,21,82737,25.4,22.4
,"Hidalgo County, TX",48215,65,868707,7.5,8
,"Hill County, TX",48217,12,36649,Unreliable,Unreliable
,"Hood County, TX",48221,11,61643,Unreliable,Unreliable
,"Howard County, TX",48227,10,36664,Unreliable,Unreliable
,"Hunt County, TX",48231,11,98594,Unreliable,Unreliable
,"Jefferson County, TX",48245,39,251565,15.5,15.9
,"Johnson County, TX",48251,26,175817,14.8,15.8
,"Kaufman County, TX",48257,19,136154,Unreliable,Unreliable
,"Kerr County, TX",48265,14,52600,Unreliable,Unreliable
,"Lamar County, TX",48277,11,49859,Unreliable,Unreliable
,"Liberty County, TX",48291,21,88219,23.8,23.3
,"Lubbock County, TX",48303,53,310569,17.1,17.4
,"McLennan County, TX",48309,41,256623,16,16.6
,"Medina County, TX",48325,10,51584,Unreliable,Unreliable
,"Midland County, TX",48329,34,176832,19.2,20.6
,"Montgomery County, TX",48339,109,607391,17.9,18.2
,"Nacogdoches County, TX",48347,12,65204,Unreliable,Unreliable
,"Nueces County, TX",48355,55,362294,15.2,15
,"Orange County, TX",48361,12,83396,Unreliable,Unreliable
,"Parker County, TX",48367,24,142878,16.8,15.9
,"Polk County, TX",48373,14,51353,Unreliable,Unreliable
,"Potter County, TX",48375,31,117415,26.4,26.5
,"Randall County, TX",48381,31,137713,22.5,22.4
,"Rockwall County, TX",48397,16,104915,Unreliable,Unreliable
,"Rusk County, TX",48401,10,54406,Unreliable,Unreliable
,"San Patricio County, TX",48409,14,66730,Unreliable,Unreliable
,"Smith County, TX",48423,53,232751,22.8,23.1
,"Tarrant County, TX",48439,264,2102515,12.6,12.7
,"Taylor County, TX",48441,23,138034,16.7,16.6
,"Tom Green County, TX",48451,23,119200,19.3,19.5
,"Travis County, TX",48453,166,1273954,13,12.6
,"Victoria County, TX",48469,17,92084,Unreliable,Unreliable
,"Webb County, TX",48479,20,276652,7.2,7.6
,"Wharton County, TX",48481,10,41556,Unreliable,Unreliable
,"Wichita County, TX",48485,19,132230,Unreliable,Unreliable
,"Williamson County, TX",48491,85,590551,14.4,14.5
,"Wise County, TX",48497,13,69984,Unreliable,Unreliable
,"Box Elder County, UT",49003,16,56046,Unreliable,Unreliable
,"Cache County, UT",49005,24,128289,18.7,20.5
,"Davis County, UT",49011,62,355481,17.4,18.6
,"Salt Lake County, UT",49035,258,1160437,22.2,22.2
,"Sevier County, UT",49041,10,21620,Unreliable,Unreliable
,"Tooele County, UT",49045,13,72259,Unreliable,Unreliable
,"Uintah County, UT",49047,12,35734,Unreliable,Unreliable
,"Utah County, UT",49049,105,636235,16.5,17.3
,"Washington County, UT",49053,32,177556,18,19.6
,"Weber County, UT",49057,55,260213,21.1,22
,"Chittenden County, VT",50007,16,163774,Unreliable,Unreliable
,"Franklin County, VT",50011,14,49402,Unreliable,Unreliable
,"Orange County, VT",50017,10,28892,Unreliable,Unreliable
,"Rutland County, VT",50021,11,58191,Unreliable,Unreliable
,"Windsor County, VT",50027,11,55062,Unreliable,Unreliable
,"Albemarle County, VA",51003,14,109330,Unreliable,Unreliable
,"Arlington County, VA",51013,13,236842,Unreliable,Unreliable
,"Augusta County, VA",51015,15,75558,Unreliable,Unreliable
,"Bedford County, VA",51019,15,78997,Unreliable,Unreliable
,"Chesterfield County, VA",51041,48,352802,13.6,13.1
,"Culpeper County, VA",51047,10,52605,Unreliable,Unreliable
,"Fairfax County, VA",51059,92,1147532,8,7.8
,"Frederick County, VA",51069,18,89313,Unreliable,Unreliable
,"Hanover County, VA",51085,23,107766,21.3,19.1
,"Henrico County, VA",51087,36,330818,10.9,9.9
,"Henry County, VA",51089,12,50557,Unreliable,Unreliable
,"Loudoun County, VA",51107,34,413538,8.2,9
,"Louisa County, VA",51109,12,37591,Unreliable,Unreliable
,"Montgomery County, VA",51121,16,98535,Unreliable,Unreliable
,"Pittsylvania County, VA",51143,13,60354,Unreliable,Unreliable
,"Prince William County, VA",51153,39,470335,8.3,8.4
,"Rockingham County, VA",51165,14,81948,Unreliable,Unreliable
,"Scott County, VA",51169,10,21566,Unreliable,Unreliable
,"Spotsylvania County, VA",51177,18,136215,Unreliable,Unreliable
,"Stafford County, VA",51179,12,152882,Unreliable,Unreliable
,"Tazewell County, VA",51185,10,40595,Unreliable,Unreliable
,"Warren County, VA",51187,15,40164,Unreliable,Unreliable
,"Alexandria city, VA",51510,14,159428,Unreliable,Unreliable
,"Chesapeake city, VA",51550,43,244835,17.6,17.4
,"Hampton city, VA",51650,21,134510,15.6,15.2
,"Hopewell city, VA",51670,11,22529,Unreliable,Unreliable
,"Newport News city, VA",51700,25,179225,13.9,13.4
,"Norfolk city, VA",51710,33,242742,13.6,13
,"Portsmouth city, VA",51740,12,94398,Unreliable,Unreliable
,"Richmond city, VA",51760,28,230436,12.2,12.6
,"Roanoke city, VA",51770,18,99143,Unreliable,Unreliable
,"Suffolk city, VA",51800,11,92108,Unreliable,Unreliable
,"Virginia Beach city, VA",51810,57,449974,12.7,12.3
,"Benton County, WA",53005,35,204390,17.1,17.9
,"Chelan County, WA",53007,20,77200,25.9,27.4
,"Clallam County, WA",53009,17,77331,Unreliable,Unreliable
,"Clark County, WA",53011,88,488241,18,17.3
,"Cowlitz County, WA",53015,24,110593,21.7,22
,"Grant County, WA",53025,16,97733,Unreliable,Unreliable
,"Grays Harbor County, WA",53027,13,75061,Unreliable,Unreliable
,"Island County, WA",53029,15,85141,Unreliable,Unreliable
,"Jefferson County, WA",53031,12,32221,Unreliable,Unreliable
,"King County, WA",53033,319,2252782,14.2,13.5
,"Kitsap County, WA",53035,59,271473,21.7,21.1
,"Lewis County, WA",53041,18,80707,Unreliable,Unreliable
,"Mason County, WA",53045,11,66768,Unreliable,Unreliable
,"Pierce County, WA",53053,182,904980,20.1,19.5
,"Skagit County, WA",53057,20,129205,15.5,15.5
,"Snohomish County, WA",53061,111,822083,13.5,12.9
,"Spokane County, WA",53063,91,522798,17.4,16.8
,"Thurston County, WA",53067,46,290536,15.8,14.4
,"Walla Walla County, WA",53071,14,60760,Unreliable,Unreliable
,"Whatcom County, WA",53073,51,229247,22.2,21.8
,"Yakima County, WA",53077,29,250873,11.6,12
,"Berkeley County, WV",54003,24,119171,20.1,19.3
,"Cabell County, WV",54011,13,91945,Unreliable,Unreliable
,"Harrison County, WV",54033,17,67256,Unreliable,Unreliable
,"Kanawha County, WV",54039,30,178124,16.8,15.4
,"Marshall County, WV",54051,10,30531,Unreliable,Unreliable
,"Monongalia County, WV",54061,10,105612,Unreliable,Unreliable
,"Nicholas County, WV",54067,10,24496,Unreliable,Unreliable
,"Ohio County, WV",54069,11,41411,Unreliable,Unreliable
,"Raleigh County, WV",54081,23,73361,31.4,30.4
,"Randolph County, WV",54083,11,28695,Unreliable,Unreliable
,"Wood County, WV",54107,14,83518,Unreliable,Unreliable
,"Brown County, WI",55009,40,264542,15.1,14.4
,"Chippewa County, WI",55017,12,64658,Unreliable,Unreliable
,"Columbia County, WI",55021,11,57532,Unreliable,Unreliable
,"Dane County, WI",55025,54,546695,9.9,9.3
,"Dodge County, WI",55027,16,87839,Unreliable,Unreliable
,"Eau Claire County, WI",55035,22,104646,21,21.4
,"Fond du Lac County, WI",55039,22,103403,21.3,21
,"Jefferson County, WI",55055,13,84769,Unreliable,Unreliable
,"Kenosha County, WI",55059,28,169561,16.5,15.3
,"La Crosse County, WI",55063,17,118016,Unreliable,Unreliable
,"Lincoln County, WI",55069,10,27593,Unreliable,Unreliable
,"Manitowoc County, WI",55071,20,78981,25.3,24.6
,"Marathon County, WI",55073,25,135692,18.4,18.4
,"Milwaukee County, WI",55079,108,945726,11.4,11.3
,"Oneida County, WI",55085,11,35595,Unreliable,Unreliable
,"Outagamie County, WI",55087,25,187885,13.3,12.7
,"Ozaukee County, WI",55089,11,89221,Unreliable,Unreliable
,"Racine County, WI",55101,31,196311,15.8,15.3
,"Rock County, WI",55105,20,163354,12.2,14.5
,"Sauk County, WI",55111,10,64442,Unreliable,Unreliable
,"Sheboygan County, WI",55117,16,115340,Unreliable,Unreliable
,"Walworth County, WI",55127,15,103868,Unreliable,Unreliable
,"Washington County, WI",55131,25,136034,18.4,18.1
,"Waukesha County, WI",55133,46,404198,11.4,10.6
,"Waupaca County, WI",55135,11,50990,Unreliable,Unreliable
,"Winnebago County, WI",55139,25,171907,14.5,13.8
,"Wood County, WI",55141,12,72999,Unreliable,Unreliable
,"Fremont County, WY",56013,15,39261,Unreliable,Unreliable
,"Laramie County, WY",56021,29,99500,29.1,28.2
,"Lincoln County, WY",56023,10,19830,Unreliable,Unreliable
,"Natrona County, WY",56025,29,79858,36.3,40.5
,"Park County, WY",56029,10,29194,Unreliable,Unreliable
,"Sweetwater County, WY",56037,19,42343,Unreliable,Unreliable
Total,,,47478,328239523,14.5,13.9
---,,,,,,
"Dataset: Underlying Cause of Death, 1999-2019",,,,,,
Query Parameters:,,,,,,
ICD-10 Codes: X60-X84 (Intentional self-harm),,,,,,
Year/Month: 2019,,,,,,
Group By: County,,,,,,
Show Totals: True,,,,,,
Show Zero Values: False,,,,,,
Show Suppressed: False,,,,,,
Standard Population: 2000 U.S. Std. Population,,,,,,
"Calculate Rates Per: 100,000",,,,,,
Rate Options: Default intercensal populations for years 2001-2009 (except Infant Age Groups),,,,,,
---,,,,,,
Help: See http://wonder.cdc.gov/wonder/help/ucd.html for more information.,,,,,,
---,,,,,,
"Query Date: Jul 24, 2021 10:28:50 PM",,,,,,
---,,,,,,
"Suggested Citation: Centers for Disease Control and Prevention, National Center for Health Statistics. Underlying Cause of Death",,,,,,
"1999-2019 on CDC WONDER Online Database, released in 2020. Data are from the Multiple Cause of Death Files, 1999-2019, as",,,,,,
compiled from data provided by the 57 vital statistics jurisdictions through the Vital Statistics Cooperative Program. Accessed,,,,,,
"at http://wonder.cdc.gov/ucd-icd10.html on Jul 24, 2021 10:28:50 PM",,,,,,
---,,,,,,
Messages:,,,,,,
"1. Rows with zero Deaths are hidden, but the Population values in those rows are included in the totals. Use Quick Options above",,,,,,
to show zero rows.,,,,,,
"2. Rows with suppressed Deaths are hidden, but the Deaths and Population values in those rows are included in the totals. Use",,,,,,
Quick Options above to show suppressed rows.,,,,,,
---,,,,,,
Footnotes:,,,,,,
1. Data are not available for this area for all of the requested years. See Caveats below for more information.,,,,,,
---,,,,,,
Caveats:,,,,,,
"1. Data for Prince of Wales-Outer Ketchikan Census Area, AK (FIPS code 02201), Skagway-Hoonah-Angoon Census Area, AK (FIPS code",,,,,,
"02232) and Wrangell-Petersburg Census Area, AK (FIPS code 02280) are only available for 2013 and earlier; for computational",,,,,,
"purposes, counts and population estimates for 2014 and later are set to zero. Thus, counts and rates shown in multi-year",,,,,,
"requests for this entity do not include any data for years after 2013, only data for 2013 and earlier. More information:",,,,,,
http://wonder.cdc.gov/wonder/help/ucd.html#Alaska2014.,,,,,,
"2. Data for Bedford city, Va. (FIPS code 51515) are only available for 2013 and earlier; for computational purposes, counts and",,,,,,
"population estimates for 2014 and later are set to zero. Thus, counts and rates shown in multi-year requests for this entity do",,,,,,
"not include any data for years after 2014, only data for 2013 and earlier. More information:",,,,,,
http://wonder.cdc.gov/wonder/help/ucd.html#Bedford.,,,,,,
"3. Death rates for Clifton Forge city, Virginia (FIPS code 51560) are available only for 1999-2000. For 2001 and beyond, death",,,,,,
"counts and population estimates for Clifton Forge city have been combined with those for Alleghany county, Virginia (FIPS code",,,,,,
"51005). Death counts and population estimates for this entity from multi-year requests, only reflect data from 1999 and 2000;",,,,,,
for 2001 and beyond they have been set to zero. More information: http://wonder.cdc.gov/wonder/help/ucd.html#Clifton Forge.,,,,,,
"4. Deaths and population estimates are shown separately from the adjacent counties for Carson City, Nevada (FIPS code 32510).",,,,,,
5. Deaths and population estimates are reported separately for Baltimore City (FIPS code 24510) and Baltimore county (FIPS code,,,,,,
24005).,,,,,,
6. Deaths and population estimates are reported separately for St. Louis City (FIPS code 29510) and county (FIPS code 29189).,,,,,,
7. Data are Suppressed when the data meet the criteria for confidentiality constraints. More information:,,,,,,
http://wonder.cdc.gov/wonder/help/ucd.html#Assurance of Confidentiality.,,,,,,
8. Death rates are flagged as Unreliable when the rate is calculated with a numerator of 20 or less. More information:,,,,,,
http://wonder.cdc.gov/wonder/help/ucd.html#Unreliable.,,,,,,
9. The populations used to calculate standard age-adjusted rates are documented here: More information:,,,,,,
http://wonder.cdc.gov/wonder/help/ucd.html#2000 Standard Population.,,,,,,
10. The method used to calculate age-adjusted rates is documented here: More information:,,,,,,
http://wonder.cdc.gov/wonder/help/ucd.html#Age-Adjusted Rates.,,,,,,
"11. Deaths for persons of unknown age are included in counts and crude rates, but are not included in age-adjusted rates.",,,,,,
"12. The population figures for year 2019 are bridged-race estimates of the July 1 resident population, from the Vintage 2019",,,,,,
"postcensal series released by NCHS on July 9, 2020. The population figures for year 2018 are bridged-race estimates of the July",,,,,,
"1 resident population, from the Vintage 2018 postcensal series released by NCHS on June 25, 2019. The population figures for",,,,,,
"year 2017 are bridged-race estimates of the July 1 resident population, from the Vintage 2017 postcensal series released by NCHS",,,,,,
"on June 27, 2018. The population figures for year 2016 are bridged-race estimates of the July 1 resident population, from the",,,,,,
"Vintage 2016 postcensal series released by NCHS on June 26, 2017. The population figures for year 2015 are bridged-race",,,,,,
"estimates of the July 1 resident population, from the Vintage 2015 postcensal series released by NCHS on June 28, 2016. The",,,,,,
"population figures for year 2014 are bridged-race estimates of the July 1 resident population, from the Vintage 2014 postcensal",,,,,,
"series released by NCHS on June 30, 2015. The population figures for year 2013 are bridged-race estimates of the July 1 resident",,,,,,
"population, from the Vintage 2013 postcensal series released by NCHS on June 26, 2014. The population figures for year 2012 are",,,,,,
"bridged-race estimates of the July 1 resident population, from the Vintage 2012 postcensal series released by NCHS on June 13,",,,,,,
"2013. The population figures for year 2011 are bridged-race estimates of the July 1 resident population, from the Vintage 2011",,,,,,
"postcensal series released by NCHS on July 18, 2012. Population figures for 2010 are April 1 Census counts. The population",,,,,,
"figures for years 2001 - 2009 are bridged-race estimates of the July 1 resident population, from the revised intercensal",,,,,,
"county-level 2000 - 2009 series released by NCHS on October 26, 2012. Population figures for 2000 are April 1 Census counts.",,,,,,
Population figures for 1999 are from the 1990-1999 intercensal series of July 1 estimates. Population figures for the infant age,,,,,,
groups are the number of live births. <br/><b>Note:</b> Rates and population figures for years 2001 - 2009 differ slightly from,,,,,,
"previously published reports, due to use of the population estimates which were available at the time of release.",,,,,,
13. The population figures used in the calculation of death rates for the age group 'under 1 year' are the estimates of the,,,,,,
resident population that is under one year of age. More information: http://wonder.cdc.gov/wonder/help/ucd.html#Age Group.,,,,,,